timestamp,mains_voltage_rms_v,mains_total_power_w,mains_current_rms_a,mains_power_factor,frequency_hz,cumulative_energy_kwh,cumulative_cost_inr,ac_power_w,fridge_power_w,tv_power_w,pc_power_w,lights_power_w,fan_power_w,washing_machine_power_w,geyser_power_w
2026-03-24T00:00:00Z,230.12,1061.3,4.83,0.955,49.95,0.0177,0.14,854.1,139.3,1.4,2.8,0.0,63.7,0.0,0.0
2026-03-24T00:01:00Z,230.41,1232.1,5.55,0.964,50.01,0.0382,0.31,1011.5,149.3,1.3,2.6,0.0,67.4,0.0,0.0
2026-03-24T00:02:00Z,229.96,1250.2,5.63,0.965,49.97,0.0591,0.47,1024.4,153.8,1.6,2.6,0.0,67.8,0.0,0.0
2026-03-24T00:03:00Z,230.34,1321.2,5.94,0.966,49.97,0.0811,0.65,1113.2,137.7,1.2,3.2,0.0,65.9,0.0,0.0
2026-03-24T00:04:00Z,230.05,1353.8,6.14,0.959,50.0,0.1036,0.83,1134.7,150.9,1.6,3.5,0.0,63.1,0.0,0.0
2026-03-24T00:05:00Z,229.82,1225.3,5.55,0.961,49.97,0.1241,0.99,1009.0,149.1,1.3,3.5,0.0,62.4,0.0,0.0
2026-03-24T00:06:00Z,229.7,1293.7,5.84,0.964,49.96,0.1456,1.17,1087.7,141.6,1.7,2.6,0.0,60.1,0.0,0.0
2026-03-24T00:07:00Z,230.71,1284.7,5.83,0.955,50.0,0.167,1.34,1065.1,152.0,1.2,2.8,0.0,63.6,0.0,0.0
2026-03-24T00:08:00Z,229.53,1114.6,5.04,0.964,49.95,0.1856,1.48,917.9,136.1,1.6,3.2,0.0,55.8,0.0,0.0
2026-03-24T00:09:00Z,230.07,1191.6,5.42,0.956,50.05,0.2055,1.64,972.4,150.2,1.7,3.2,0.0,64.1,0.0,0.0
2026-03-24T00:10:00Z,230.8,1156.8,5.25,0.954,50.03,0.2248,1.8,947.9,136.7,1.3,3.3,0.0,67.6,0.0,0.0
2026-03-24T00:11:00Z,229.43,1224.2,5.6,0.952,50.02,0.2452,1.96,1008.3,145.8,1.6,2.7,0.0,65.8,0.0,0.0
2026-03-24T00:12:00Z,230.5,1211.5,5.42,0.969,49.96,0.2653,2.12,1008.4,137.2,1.3,3.0,0.0,61.6,0.0,0.0
2026-03-24T00:13:00Z,230.54,1290.5,5.88,0.952,49.98,0.2869,2.29,1069.5,153.2,1.4,3.4,0.0,63.0,0.0,0.0
2026-03-24T00:14:00Z,231.07,1239.6,5.58,0.961,49.97,0.3075,2.46,1028.5,142.1,1.5,2.6,0.0,64.9,0.0,0.0
2026-03-24T00:15:00Z,230.2,1347.4,6.06,0.966,49.95,0.33,2.64,1134.8,141.7,1.5,3.5,0.0,65.9,0.0,0.0
2026-03-24T00:16:00Z,230.68,1233.9,5.52,0.969,50.04,0.3505,2.8,1027.1,146.3,1.3,2.8,0.0,56.4,0.0,0.0
2026-03-24T00:17:00Z,229.93,1254.2,5.7,0.957,49.98,0.3714,2.97,1034.3,148.5,1.6,2.6,0.0,67.2,0.0,0.0
2026-03-24T00:18:00Z,229.95,1094.6,4.97,0.958,50.03,0.3897,3.12,897.7,136.0,1.2,2.6,0.0,57.1,0.0,0.0
2026-03-24T00:19:00Z,230.33,1334.0,5.98,0.969,49.98,0.4119,3.3,1122.2,142.8,1.3,3.0,0.0,64.7,0.0,0.0
2026-03-24T00:20:00Z,229.82,1124.2,5.07,0.964,50.02,0.4307,3.45,1046.9,13.7,1.2,3.2,0.0,59.2,0.0,0.0
2026-03-24T00:21:00Z,231.02,1007.7,4.53,0.962,49.95,0.4475,3.58,936.4,11.4,1.2,3.1,0.0,55.6,0.0,0.0
2026-03-24T00:22:00Z,230.92,1138.5,5.12,0.963,49.97,0.4664,3.73,1056.1,11.4,1.5,3.0,0.0,66.5,0.0,0.0
2026-03-24T00:23:00Z,230.34,1050.0,4.76,0.957,49.99,0.4839,3.87,967.8,13.4,1.5,3.1,0.0,64.2,0.0,0.0
2026-03-24T00:24:00Z,230.11,1153.3,5.24,0.956,50.02,0.5031,4.03,1078.2,12.1,1.5,3.0,0.0,58.5,0.0,0.0
2026-03-24T00:25:00Z,230.13,1021.3,4.59,0.967,49.96,0.5202,4.16,945.2,12.1,1.3,3.5,0.0,59.2,0.0,0.0
2026-03-24T00:26:00Z,229.57,1119.7,5.13,0.951,49.98,0.5388,4.31,1045.7,10.6,1.6,3.5,0.0,58.3,0.0,0.0
2026-03-24T00:27:00Z,230.84,1039.2,4.72,0.954,50.03,0.5562,4.45,963.1,13.7,1.8,2.8,0.0,57.8,0.0,0.0
2026-03-24T00:28:00Z,230.0,966.6,4.38,0.959,50.02,0.5723,4.58,889.8,13.9,1.5,3.2,0.0,58.2,0.0,0.0
2026-03-24T00:29:00Z,230.22,1178.3,5.35,0.956,49.99,0.5919,4.74,1096.1,10.0,1.6,2.6,0.0,68.0,0.0,0.0
2026-03-24T00:30:00Z,229.96,1118.7,5.1,0.954,50.02,0.6105,4.88,1036.6,12.3,1.5,3.3,0.0,65.0,0.0,0.0
2026-03-24T00:31:00Z,230.76,954.4,4.27,0.968,49.98,0.6265,5.01,874.7,10.8,1.3,3.5,0.0,64.1,0.0,0.0
2026-03-24T00:32:00Z,230.19,1106.3,4.96,0.969,49.99,0.6449,5.16,1023.2,12.6,1.3,2.8,0.0,66.4,0.0,0.0
2026-03-24T00:33:00Z,230.42,1062.7,4.83,0.954,49.95,0.6626,5.3,981.6,13.6,1.4,3.0,0.0,63.1,0.0,0.0
2026-03-24T00:34:00Z,231.14,963.1,4.31,0.967,49.99,0.6787,5.43,882.1,9.7,1.3,3.0,0.0,67.0,0.0,0.0
2026-03-24T00:35:00Z,230.11,1045.0,4.73,0.961,49.99,0.6961,5.57,971.3,12.4,1.8,3.4,0.0,56.1,0.0,0.0
2026-03-24T00:36:00Z,230.86,988.0,4.44,0.964,49.98,0.7125,5.7,915.3,10.3,1.5,3.0,0.0,57.9,0.0,0.0
2026-03-24T00:37:00Z,229.84,980.5,4.49,0.95,50.04,0.7289,5.83,902.1,12.1,1.4,3.4,0.0,61.5,0.0,0.0
2026-03-24T00:38:00Z,230.02,1043.5,4.76,0.954,50.05,0.7463,5.97,963.6,12.5,1.5,3.4,0.0,62.5,0.0,0.0
2026-03-24T00:39:00Z,231.05,1027.9,4.67,0.953,50.01,0.7634,6.11,956.5,10.6,1.8,3.1,0.0,55.9,0.0,0.0
2026-03-24T00:40:00Z,230.24,1187.6,5.38,0.958,49.95,0.7832,6.27,1115.2,10.1,1.7,2.8,0.0,57.8,0.0,0.0
2026-03-24T00:41:00Z,230.83,1216.8,5.45,0.967,49.97,0.8035,6.43,1133.7,12.4,1.4,3.3,0.0,66.0,0.0,0.0
2026-03-24T00:42:00Z,230.37,1091.2,4.93,0.961,50.05,0.8217,6.57,1008.0,11.1,1.5,3.3,0.0,67.3,0.0,0.0
2026-03-24T00:43:00Z,230.69,1056.1,4.73,0.968,49.95,0.8393,6.71,979.3,12.0,1.4,2.5,0.0,60.9,0.0,0.0
2026-03-24T00:44:00Z,231.47,1016.7,4.62,0.95,50.04,0.8562,6.85,939.4,10.1,1.6,3.5,0.0,62.1,0.0,0.0
2026-03-24T00:45:00Z,230.72,1096.7,4.93,0.964,49.96,0.8745,7.0,897.7,137.3,1.6,3.5,0.0,56.6,0.0,0.0
2026-03-24T00:46:00Z,230.5,1350.4,6.11,0.959,50.02,0.897,7.18,1140.1,144.5,1.4,3.2,0.0,61.2,0.0,0.0
2026-03-24T00:47:00Z,229.58,1188.8,5.36,0.966,50.01,0.9168,7.33,991.5,136.5,1.6,3.0,0.0,56.2,0.0,0.0
2026-03-24T00:48:00Z,230.12,1357.8,6.11,0.966,49.98,0.9394,7.52,1149.1,138.4,1.8,3.3,0.0,65.2,0.0,0.0
2026-03-24T00:49:00Z,230.93,1312.4,5.92,0.96,49.98,0.9613,7.69,1110.7,138.2,1.5,2.8,0.0,59.2,0.0,0.0
2026-03-24T00:50:00Z,231.24,1084.2,4.89,0.958,49.95,0.9794,7.84,865.4,149.5,1.6,2.7,0.0,65.0,0.0,0.0
2026-03-24T00:51:00Z,231.29,1331.7,5.96,0.966,49.97,1.0016,8.01,1122.6,138.4,1.2,2.5,0.0,67.0,0.0,0.0
2026-03-24T00:52:00Z,231.1,1283.8,5.76,0.964,50.02,1.023,8.18,1075.8,138.9,1.4,2.9,0.0,64.8,0.0,0.0
2026-03-24T00:53:00Z,231.35,1319.9,5.95,0.959,49.95,1.045,8.36,1107.7,143.6,1.8,3.0,0.0,63.8,0.0,0.0
2026-03-24T00:54:00Z,230.45,1351.6,6.1,0.961,50.03,1.0675,8.54,1135.9,150.9,1.4,3.1,0.0,60.3,0.0,0.0
2026-03-24T00:55:00Z,229.68,1206.2,5.5,0.954,49.98,1.0876,8.7,1001.0,140.8,1.2,2.8,0.0,60.4,0.0,0.0
2026-03-24T00:56:00Z,231.06,1138.5,5.15,0.957,49.98,1.1066,8.85,934.6,136.1,1.5,3.4,0.0,62.9,0.0,0.0
2026-03-24T00:57:00Z,231.03,1288.7,5.79,0.963,50.05,1.1281,9.02,1072.1,146.1,1.5,2.6,0.0,66.4,0.0,0.0
2026-03-24T00:58:00Z,230.32,1260.2,5.72,0.957,49.98,1.1491,9.19,1055.8,136.8,1.7,2.8,0.0,63.1,0.0,0.0
2026-03-24T00:59:00Z,231.28,1329.1,6.0,0.958,50.0,1.1712,9.37,1112.1,145.3,1.7,2.7,0.0,67.3,0.0,0.0
2026-03-24T01:00:00Z,230.5,1301.6,5.93,0.953,50.03,1.1929,9.54,1079.9,153.1,1.4,2.6,0.0,64.6,0.0,0.0
2026-03-24T01:01:00Z,230.8,1216.9,5.54,0.952,50.02,1.2132,9.71,1008.7,147.4,1.3,3.2,0.0,56.3,0.0,0.0
2026-03-24T01:02:00Z,230.8,1106.4,5.04,0.951,49.99,1.2316,9.85,901.0,138.3,1.7,2.7,0.0,62.7,0.0,0.0
2026-03-24T01:03:00Z,230.31,1150.8,5.27,0.949,49.96,1.2508,10.01,935.9,143.2,1.8,2.8,0.0,67.1,0.0,0.0
2026-03-24T01:04:00Z,230.63,1102.4,4.99,0.957,50.02,1.2692,10.15,894.3,136.7,1.4,3.4,0.0,66.6,0.0,0.0
2026-03-24T01:05:00Z,231.09,1011.7,4.62,0.947,50.0,1.286,10.29,937.6,11.4,1.8,3.4,0.0,57.5,0.0,0.0
2026-03-24T01:06:00Z,230.85,1158.2,5.26,0.954,49.96,1.3053,10.44,1082.4,11.7,1.8,2.6,0.0,59.7,0.0,0.0
2026-03-24T01:07:00Z,229.83,1026.4,4.72,0.947,49.99,1.3224,10.58,956.3,9.6,1.8,3.0,0.0,55.7,0.0,0.0
2026-03-24T01:08:00Z,230.49,1207.1,5.48,0.956,50.04,1.3426,10.74,1126.3,11.2,1.8,3.2,0.0,64.6,0.0,0.0
2026-03-24T01:09:00Z,230.86,1030.7,4.64,0.962,50.02,1.3597,10.88,948.4,11.8,1.3,3.2,0.0,66.0,0.0,0.0
2026-03-24T01:10:00Z,231.33,1131.3,5.13,0.954,49.97,1.3786,11.03,1059.5,12.6,1.5,2.7,0.0,55.0,0.0,0.0
2026-03-24T01:11:00Z,231.05,1122.5,5.06,0.96,49.98,1.3973,11.18,1041.5,13.0,1.3,3.3,0.0,63.4,0.0,0.0
2026-03-24T01:12:00Z,231.75,995.8,4.45,0.965,50.03,1.4139,11.31,915.3,13.0,1.4,3.2,0.0,62.9,0.0,0.0
2026-03-24T01:13:00Z,231.19,933.8,4.22,0.957,50.03,1.4295,11.44,852.2,10.0,1.8,3.2,0.0,66.6,0.0,0.0
2026-03-24T01:14:00Z,230.78,1219.1,5.58,0.947,49.96,1.4498,11.6,1138.2,12.2,1.3,2.9,0.0,64.5,0.0,0.0
2026-03-24T01:15:00Z,231.62,1068.0,4.85,0.95,49.98,1.4676,11.74,987.1,11.9,1.2,2.5,0.0,65.3,0.0,0.0
2026-03-24T01:16:00Z,231.34,1107.6,4.97,0.964,49.96,1.486,11.89,1030.6,10.5,1.7,2.8,0.0,62.0,0.0,0.0
2026-03-24T01:17:00Z,230.05,969.9,4.37,0.965,50.02,1.5022,12.02,894.1,9.9,1.6,3.4,0.0,60.9,0.0,0.0
2026-03-24T01:18:00Z,230.56,991.2,4.53,0.949,49.96,1.5187,12.15,915.0,13.8,1.6,3.4,0.0,57.4,0.0,0.0
2026-03-24T01:19:00Z,231.36,930.9,4.18,0.962,50.01,1.5342,12.27,856.8,13.9,1.6,3.1,0.0,55.5,0.0,0.0
2026-03-24T01:20:00Z,231.26,961.2,4.39,0.946,50.01,1.5503,12.4,885.7,12.3,1.6,3.4,0.0,58.2,0.0,0.0
2026-03-24T01:21:00Z,230.44,967.3,4.4,0.954,49.98,1.5664,12.53,884.3,13.0,1.6,2.6,0.0,65.8,0.0,0.0
2026-03-24T01:22:00Z,231.21,1226.9,5.58,0.951,50.0,1.5868,12.69,1143.6,13.0,1.3,3.5,0.0,65.5,0.0,0.0
2026-03-24T01:23:00Z,231.25,1165.7,5.33,0.946,49.99,1.6063,12.85,1084.4,11.7,1.6,3.3,0.0,64.7,0.0,0.0
2026-03-24T01:24:00Z,231.17,1020.4,4.64,0.952,50.0,1.6233,12.99,950.5,9.1,1.3,3.5,0.0,56.0,0.0,0.0
2026-03-24T01:25:00Z,229.99,1041.9,4.74,0.955,50.04,1.6406,13.13,968.2,13.2,1.4,2.7,0.0,56.4,0.0,0.0
2026-03-24T01:26:00Z,231.7,1159.0,5.24,0.954,50.02,1.66,13.28,1074.3,12.4,1.3,3.1,0.0,67.9,0.0,0.0
2026-03-24T01:27:00Z,230.57,1200.3,5.51,0.945,50.02,1.68,13.44,1127.2,13.3,1.3,2.9,0.0,55.6,0.0,0.0
2026-03-24T01:28:00Z,231.85,937.6,4.27,0.946,49.99,1.6956,13.56,863.5,12.6,1.7,3.0,0.0,56.8,0.0,0.0
2026-03-24T01:29:00Z,231.2,1070.5,4.86,0.953,50.04,1.7134,13.71,986.7,14.0,1.5,2.5,0.0,65.8,0.0,0.0
2026-03-24T01:30:00Z,230.45,1336.1,6.07,0.955,49.96,1.7357,13.89,1112.6,153.8,1.6,2.8,0.0,65.3,0.0,0.0
2026-03-24T01:31:00Z,231.39,1317.5,5.98,0.952,50.0,1.7577,14.06,1115.9,136.2,1.8,2.9,0.0,60.7,0.0,0.0
2026-03-24T01:32:00Z,231.04,1078.6,4.84,0.964,50.0,1.7756,14.21,865.7,152.4,1.4,2.8,0.0,56.3,0.0,0.0
2026-03-24T01:33:00Z,231.37,1172.4,5.31,0.955,49.99,1.7952,14.36,951.7,152.5,1.7,2.5,0.0,64.0,0.0,0.0
2026-03-24T01:34:00Z,230.96,1137.1,5.15,0.956,49.99,1.8141,14.51,925.1,143.1,1.6,3.4,0.0,63.9,0.0,0.0
2026-03-24T01:35:00Z,230.1,1284.5,5.91,0.944,49.97,1.8355,14.68,1071.2,145.8,1.3,3.1,0.0,63.1,0.0,0.0
2026-03-24T01:36:00Z,230.72,1300.6,5.9,0.956,50.01,1.8572,14.86,1079.9,153.0,1.5,3.0,0.0,63.2,0.0,0.0
2026-03-24T01:37:00Z,231.94,1336.6,6.07,0.95,49.95,1.8795,15.04,1118.6,154.1,1.7,3.1,0.0,59.1,0.0,0.0
2026-03-24T01:38:00Z,231.21,1336.1,6.09,0.949,49.97,1.9018,15.21,1125.5,147.0,1.4,2.9,0.0,59.3,0.0,0.0
2026-03-24T01:39:00Z,231.68,1226.7,5.61,0.944,49.98,1.9222,15.38,1017.7,136.9,1.7,3.3,0.0,67.1,0.0,0.0
2026-03-24T01:40:00Z,230.5,1274.4,5.86,0.944,49.99,1.9434,15.55,1062.2,143.3,1.3,2.9,0.0,64.7,0.0,0.0
2026-03-24T01:41:00Z,231.47,1222.1,5.49,0.961,50.05,1.9638,15.71,996.5,155.0,1.4,2.9,0.0,66.3,0.0,0.0
2026-03-24T01:42:00Z,230.55,1097.1,5.03,0.946,50.02,1.9821,15.86,881.7,151.1,1.6,2.7,0.0,60.0,0.0,0.0
2026-03-24T01:43:00Z,231.06,1313.0,5.97,0.952,50.03,2.004,16.03,1112.7,136.1,1.6,3.4,0.0,59.2,0.0,0.0
2026-03-24T01:44:00Z,230.93,1058.2,4.8,0.955,50.04,2.0216,16.17,850.8,145.0,1.3,3.1,0.0,58.0,0.0,0.0
2026-03-24T01:45:00Z,230.81,1106.2,5.06,0.948,49.99,2.04,16.32,894.1,146.3,1.3,3.2,0.0,61.3,0.0,0.0
2026-03-24T01:46:00Z,230.32,1291.7,5.85,0.959,50.0,2.0616,16.49,1076.0,151.2,1.7,3.4,0.0,59.4,0.0,0.0
2026-03-24T01:47:00Z,231.0,1174.1,5.37,0.946,50.04,2.0811,16.65,960.2,142.4,1.2,3.4,0.0,66.9,0.0,0.0
2026-03-24T01:48:00Z,230.56,1166.8,5.28,0.959,49.99,2.1006,16.8,958.5,140.5,1.8,3.2,0.0,62.8,0.0,0.0
2026-03-24T01:49:00Z,230.58,1148.1,5.2,0.957,50.02,2.1197,16.96,930.5,150.8,1.4,2.6,0.0,62.8,0.0,0.0
2026-03-24T01:50:00Z,230.85,1194.4,5.44,0.951,49.99,2.1396,17.12,1123.4,9.2,1.7,2.9,0.0,57.2,0.0,0.0
2026-03-24T01:51:00Z,230.52,1033.0,4.75,0.943,49.99,2.1568,17.25,951.9,13.9,1.6,2.8,0.0,62.8,0.0,0.0
2026-03-24T01:52:00Z,230.49,1062.8,4.8,0.96,50.05,2.1746,17.4,980.9,9.8,1.3,3.3,0.0,67.5,0.0,0.0
2026-03-24T01:53:00Z,230.8,1149.0,5.27,0.945,49.99,2.1937,17.55,1076.1,12.2,1.3,2.7,0.0,56.7,0.0,0.0
2026-03-24T01:54:00Z,231.68,1231.3,5.64,0.942,50.01,2.2142,17.71,1147.5,13.1,1.4,3.3,0.0,66.0,0.0,0.0
2026-03-24T01:55:00Z,231.28,1031.4,4.65,0.96,50.04,2.2314,17.85,959.9,11.4,1.3,2.8,0.0,56.0,0.0,0.0
2026-03-24T01:56:00Z,231.07,950.5,4.36,0.944,50.0,2.2473,17.98,870.8,10.7,1.6,3.5,0.0,63.9,0.0,0.0
2026-03-24T01:57:00Z,231.24,928.8,4.21,0.955,50.04,2.2627,18.1,852.0,13.1,1.5,2.8,0.0,59.4,0.0,0.0
2026-03-24T01:58:00Z,230.26,1155.0,5.25,0.956,49.97,2.282,18.26,1074.9,11.1,1.7,2.8,0.0,64.5,0.0,0.0
2026-03-24T01:59:00Z,230.41,1048.3,4.8,0.947,50.03,2.2995,18.4,965.9,13.6,1.6,3.2,0.0,64.0,0.0,0.0
2026-03-24T02:00:00Z,230.54,1175.1,5.32,0.958,50.05,2.3191,18.55,1094.8,10.1,1.4,3.1,0.0,65.7,0.0,0.0
2026-03-24T02:01:00Z,231.92,1132.6,5.11,0.956,49.97,2.3379,18.7,1058.4,13.7,1.5,3.3,0.0,55.7,0.0,0.0
2026-03-24T02:02:00Z,230.46,943.5,4.28,0.957,50.04,2.3537,18.83,862.6,11.1,1.2,3.0,0.0,65.6,0.0,0.0
2026-03-24T02:03:00Z,230.89,1062.9,4.84,0.952,50.0,2.3714,18.97,989.5,12.0,1.7,2.7,0.0,57.0,0.0,0.0
2026-03-24T02:04:00Z,230.33,981.4,4.49,0.949,50.0,2.3877,19.1,903.2,11.9,1.6,3.1,0.0,61.6,0.0,0.0
2026-03-24T02:05:00Z,232.19,1108.7,5.01,0.954,50.05,2.4062,19.25,1032.3,10.5,1.8,3.2,0.0,60.9,0.0,0.0
2026-03-24T02:06:00Z,230.6,1074.8,4.87,0.958,49.98,2.4241,19.39,993.1,12.4,1.4,3.0,0.0,64.9,0.0,0.0
2026-03-24T02:07:00Z,230.33,1122.1,5.16,0.944,50.03,2.4428,19.54,1050.4,10.5,1.4,3.4,0.0,56.4,0.0,0.0
2026-03-24T02:08:00Z,231.68,1113.5,5.03,0.956,49.96,2.4614,19.69,1030.2,13.6,1.4,2.7,0.0,65.6,0.0,0.0
2026-03-24T02:09:00Z,231.1,1168.3,5.29,0.955,50.03,2.4808,19.85,1087.6,13.3,1.5,2.9,0.0,63.0,0.0,0.0
2026-03-24T02:10:00Z,231.15,1062.3,4.88,0.941,50.05,2.4986,19.99,981.6,11.4,1.7,2.9,0.0,64.7,0.0,0.0
2026-03-24T02:11:00Z,231.61,1101.3,4.98,0.955,50.03,2.5169,20.14,1024.3,12.9,1.8,2.7,0.0,59.6,0.0,0.0
2026-03-24T02:12:00Z,232.06,979.0,4.43,0.953,49.98,2.5332,20.27,899.8,10.9,1.4,2.9,0.0,64.0,0.0,0.0
2026-03-24T02:13:00Z,231.03,933.7,4.26,0.949,50.05,2.5488,20.39,851.7,13.6,1.3,3.0,0.0,64.1,0.0,0.0
2026-03-24T02:14:00Z,231.59,1141.9,5.2,0.949,50.01,2.5678,20.54,1068.8,9.3,1.6,3.1,0.0,59.1,0.0,0.0
2026-03-24T02:15:00Z,231.86,1092.0,4.95,0.952,50.0,2.586,20.69,881.1,140.8,1.3,2.6,0.0,66.2,0.0,0.0
2026-03-24T02:16:00Z,232.24,1108.5,5.03,0.949,49.99,2.6045,20.84,898.5,138.5,1.7,3.1,0.0,66.7,0.0,0.0
2026-03-24T02:17:00Z,232.26,1234.3,5.61,0.947,50.02,2.6251,21.0,1013.6,152.6,1.8,3.1,0.0,63.2,0.0,0.0
2026-03-24T02:18:00Z,230.88,1227.2,5.64,0.943,50.02,2.6455,21.16,1022.8,137.6,1.4,3.1,0.0,62.3,0.0,0.0
2026-03-24T02:19:00Z,232.09,1261.5,5.76,0.944,49.97,2.6665,21.33,1036.4,154.7,1.3,2.7,0.0,66.4,0.0,0.0
2026-03-24T02:20:00Z,231.62,1138.4,5.14,0.956,49.96,2.6855,21.48,927.0,149.8,1.8,3.5,0.0,56.3,0.0,0.0
2026-03-24T02:21:00Z,231.35,1200.1,5.51,0.941,49.99,2.7055,21.64,988.2,152.4,1.5,2.8,0.0,55.2,0.0,0.0
2026-03-24T02:22:00Z,231.21,1096.4,5.01,0.946,50.03,2.7238,21.79,876.1,153.8,1.5,3.2,0.0,61.8,0.0,0.0
2026-03-24T02:23:00Z,230.59,1285.2,5.91,0.943,50.03,2.7452,21.96,1074.8,139.4,1.3,3.5,0.0,66.2,0.0,0.0
2026-03-24T02:24:00Z,230.93,1205.4,5.57,0.937,49.97,2.7653,22.12,999.3,143.3,1.6,3.0,0.0,58.2,0.0,0.0
2026-03-24T02:25:00Z,230.77,1228.2,5.61,0.949,49.99,2.7858,22.29,1020.0,138.6,1.5,3.5,0.0,64.6,0.0,0.0
2026-03-24T02:26:00Z,231.81,1058.2,4.82,0.947,50.0,2.8034,22.43,853.4,141.2,1.3,3.3,0.0,59.0,0.0,0.0
2026-03-24T02:27:00Z,231.07,1283.6,5.85,0.95,49.97,2.8248,22.6,1066.8,148.7,1.7,3.2,0.0,63.2,0.0,0.0
2026-03-24T02:28:00Z,231.72,1122.5,5.17,0.937,50.01,2.8435,22.75,903.2,147.6,1.5,3.4,0.0,66.8,0.0,0.0
2026-03-24T02:29:00Z,231.79,1160.5,5.3,0.945,49.96,2.8629,22.9,944.8,149.8,1.7,2.6,0.0,61.6,0.0,0.0
2026-03-24T02:30:00Z,230.84,1237.6,5.71,0.939,50.02,2.8835,23.07,1039.3,138.0,1.4,3.2,0.0,55.7,0.0,0.0
2026-03-24T02:31:00Z,232.09,1207.0,5.53,0.941,49.97,2.9036,23.23,1006.9,136.6,1.2,2.7,0.0,59.6,0.0,0.0
2026-03-24T02:32:00Z,231.33,1223.0,5.63,0.939,50.04,2.924,23.39,1020.9,138.1,1.7,2.7,0.0,59.6,0.0,0.0
2026-03-24T02:33:00Z,231.98,1279.9,5.89,0.936,50.03,2.9453,23.56,1069.6,146.6,1.5,2.9,0.0,59.3,0.0,0.0
2026-03-24T02:34:00Z,231.93,1176.0,5.35,0.947,49.97,2.9649,23.72,954.2,149.4,1.3,3.1,0.0,68.0,0.0,0.0
2026-03-24T02:35:00Z,232.39,1053.0,4.84,0.936,49.98,2.9825,23.86,981.1,10.2,1.6,2.7,0.0,57.4,0.0,0.0
2026-03-24T02:36:00Z,231.2,1212.5,5.59,0.938,49.96,3.0027,24.02,1143.4,9.6,1.2,3.3,0.0,55.0,0.0,0.0
2026-03-24T02:37:00Z,230.75,939.2,4.3,0.946,50.0,3.0183,24.15,858.7,13.6,1.6,3.0,0.0,62.3,0.0,0.0
2026-03-24T02:38:00Z,231.75,987.1,4.5,0.947,50.02,3.0348,24.28,904.4,9.9,1.7,3.3,0.0,67.8,0.0,0.0
2026-03-24T02:39:00Z,231.88,1128.0,5.13,0.948,49.99,3.0536,24.43,1054.6,12.5,1.7,2.5,0.0,56.7,0.0,0.0
2026-03-24T02:40:00Z,231.07,1053.7,4.81,0.949,50.05,3.0711,24.57,978.5,9.5,1.8,2.6,0.0,61.3,0.0,0.0
2026-03-24T02:41:00Z,231.23,931.3,4.24,0.95,49.98,3.0867,24.69,858.7,10.0,1.4,2.9,0.0,58.3,0.0,0.0
2026-03-24T02:42:00Z,230.86,935.6,4.3,0.942,49.98,3.1023,24.82,860.8,12.5,1.6,2.6,0.0,58.1,0.0,0.0
2026-03-24T02:43:00Z,230.79,1197.0,5.47,0.949,49.96,3.1222,24.98,1121.1,11.0,1.3,3.4,0.0,60.2,0.0,0.0
2026-03-24T02:44:00Z,231.7,1033.1,4.78,0.933,49.99,3.1394,25.12,947.5,13.7,1.3,3.3,0.0,67.3,0.0,0.0
2026-03-24T02:45:00Z,232.06,1155.9,5.29,0.941,49.98,3.1587,25.27,1082.9,10.4,1.7,3.1,0.0,57.8,0.0,0.0
2026-03-24T02:46:00Z,232.27,926.9,4.27,0.934,50.03,3.1741,25.39,853.2,10.1,1.3,2.9,0.0,59.4,0.0,0.0
2026-03-24T02:47:00Z,232.18,1181.9,5.44,0.935,49.99,3.1938,25.55,1105.3,12.2,1.4,3.2,0.0,59.8,0.0,0.0
2026-03-24T02:48:00Z,231.54,1222.1,5.64,0.936,49.97,3.2142,25.71,1145.3,11.2,1.5,2.6,0.0,61.5,0.0,0.0
2026-03-24T02:49:00Z,231.15,1190.5,5.51,0.934,50.04,3.234,25.87,1106.8,12.8,1.5,3.4,0.0,66.0,0.0,0.0
2026-03-24T02:50:00Z,231.74,1136.9,5.19,0.946,49.97,3.253,26.02,1055.9,13.1,1.5,2.8,0.0,63.6,0.0,0.0
2026-03-24T02:51:00Z,231.19,1209.2,5.57,0.939,49.97,3.2731,26.19,1131.2,10.4,1.8,3.4,0.0,62.4,0.0,0.0
2026-03-24T02:52:00Z,232.28,958.4,4.35,0.948,50.03,3.2891,26.31,887.2,11.5,1.6,2.6,0.0,55.5,0.0,0.0
2026-03-24T02:53:00Z,231.83,1186.8,5.39,0.949,50.02,3.3089,26.47,1110.1,9.7,1.7,2.5,0.0,62.8,0.0,0.0
2026-03-24T02:54:00Z,231.01,973.3,4.5,0.937,50.05,3.3251,26.6,894.2,10.2,1.2,3.0,0.0,64.7,0.0,0.0
2026-03-24T02:55:00Z,231.37,932.6,4.3,0.938,50.05,3.3407,26.73,857.3,11.9,1.6,2.7,0.0,59.1,0.0,0.0
2026-03-24T02:56:00Z,231.07,1196.3,5.48,0.945,49.96,3.3606,26.88,1124.5,10.9,1.8,3.4,0.0,55.7,0.0,0.0
2026-03-24T02:57:00Z,230.78,1136.0,5.27,0.934,49.96,3.3795,27.04,1062.5,12.9,1.3,3.3,0.0,56.0,0.0,0.0
2026-03-24T02:58:00Z,230.92,1215.6,5.65,0.931,49.97,3.3998,27.2,1144.1,11.3,1.5,2.6,0.0,56.1,0.0,0.0
2026-03-24T02:59:00Z,230.88,1064.7,4.87,0.946,50.05,3.4175,27.34,991.0,12.8,1.4,2.9,0.0,56.6,0.0,0.0
2026-03-24T03:00:00Z,232.02,1109.0,5.06,0.945,50.04,3.436,27.49,897.2,150.3,1.3,3.1,0.0,57.1,0.0,0.0
2026-03-24T03:01:00Z,230.99,1132.6,5.23,0.937,49.99,3.4549,27.64,925.0,142.6,1.8,2.8,0.0,60.4,0.0,0.0
2026-03-24T03:02:00Z,231.78,1287.7,5.95,0.933,50.04,3.4764,27.81,1079.3,149.4,1.2,2.8,0.0,55.0,0.0,0.0
2026-03-24T03:03:00Z,232.31,1058.0,4.84,0.94,50.04,3.494,27.95,854.2,144.1,1.4,3.0,0.0,55.3,0.0,0.0
2026-03-24T03:04:00Z,232.09,1133.8,5.24,0.932,49.99,3.5129,28.1,928.3,135.4,1.5,3.1,0.0,65.5,0.0,0.0
2026-03-24T03:05:00Z,230.97,1119.7,5.21,0.93,50.01,3.5316,28.25,919.8,139.1,1.4,2.7,0.0,56.7,0.0,0.0
2026-03-24T03:06:00Z,231.79,1194.4,5.48,0.94,49.98,3.5515,28.41,989.3,138.3,1.5,3.2,0.0,62.1,0.0,0.0
2026-03-24T03:07:00Z,232.43,1195.9,5.53,0.931,50.05,3.5714,28.57,999.7,135.0,1.3,2.7,0.0,57.2,0.0,0.0
2026-03-24T03:08:00Z,231.23,1284.2,5.97,0.931,50.0,3.5928,28.74,1068.7,143.5,1.6,3.4,0.0,67.0,0.0,0.0
2026-03-24T03:09:00Z,231.74,1200.0,5.53,0.937,50.02,3.6128,28.9,986.4,145.4,1.3,3.4,0.0,63.5,0.0,0.0
2026-03-24T03:10:00Z,231.14,1123.4,5.18,0.938,49.96,3.6315,29.05,911.9,141.0,1.4,3.0,0.0,66.1,0.0,0.0
2026-03-24T03:11:00Z,231.86,1190.8,5.51,0.932,49.96,3.6514,29.21,981.2,140.0,1.6,3.4,0.0,64.6,0.0,0.0
2026-03-24T03:12:00Z,231.9,1341.7,6.22,0.93,50.02,3.6737,29.39,1135.5,136.7,1.3,3.2,0.0,65.0,0.0,0.0
2026-03-24T03:13:00Z,232.51,1242.8,5.69,0.939,50.04,3.6944,29.56,1024.6,148.2,1.5,3.1,0.0,65.4,0.0,0.0
2026-03-24T03:14:00Z,231.89,1327.5,6.13,0.934,50.05,3.7166,29.73,1120.0,142.2,1.5,3.5,0.0,60.3,0.0,0.0
2026-03-24T03:15:00Z,232.05,1091.3,4.99,0.943,49.95,3.7348,29.88,876.2,146.3,1.2,3.0,0.0,64.6,0.0,0.0
2026-03-24T03:16:00Z,231.84,1067.0,4.91,0.938,49.97,3.7525,30.02,850.4,152.9,1.7,3.3,0.0,58.7,0.0,0.0
2026-03-24T03:17:00Z,231.33,1336.0,6.13,0.942,49.95,3.7748,30.2,1131.9,144.6,1.4,2.8,0.0,55.3,0.0,0.0
2026-03-24T03:18:00Z,231.02,1128.2,5.21,0.937,50.05,3.7936,30.35,914.0,144.5,1.3,2.9,0.0,65.5,0.0,0.0
2026-03-24T03:19:00Z,232.71,1302.3,6.02,0.929,50.0,3.8153,30.52,1090.6,145.4,1.7,2.8,0.0,61.8,0.0,0.0
2026-03-24T03:20:00Z,232.1,962.0,4.42,0.937,49.99,3.8313,30.65,889.7,9.5,1.6,3.4,0.0,57.8,0.0,0.0
2026-03-24T03:21:00Z,232.12,1222.7,5.66,0.93,49.97,3.8517,30.81,1148.4,12.0,1.3,2.9,0.0,58.1,0.0,0.0
2026-03-24T03:22:00Z,232.57,1054.8,4.88,0.93,49.98,3.8693,30.95,970.8,13.0,1.6,3.0,0.0,66.4,0.0,0.0
2026-03-24T03:23:00Z,230.98,983.7,4.56,0.933,50.05,3.8857,31.09,909.4,10.2,1.8,2.9,0.0,59.4,0.0,0.0
2026-03-24T03:24:00Z,232.16,963.4,4.44,0.935,50.03,3.9018,31.21,881.7,10.0,1.3,2.7,0.0,67.7,0.0,0.0
2026-03-24T03:25:00Z,232.25,1056.6,4.87,0.935,50.04,3.9194,31.35,980.0,13.0,1.8,3.0,0.0,58.8,0.0,0.0
2026-03-24T03:26:00Z,231.12,1047.6,4.86,0.932,49.99,3.9368,31.49,970.9,10.0,1.6,2.8,0.0,62.3,0.0,0.0
2026-03-24T03:27:00Z,231.02,1008.1,4.66,0.936,49.99,3.9536,31.63,928.0,10.4,1.3,3.4,0.0,65.0,0.0,0.0
2026-03-24T03:28:00Z,230.99,1111.8,5.18,0.929,50.04,3.9722,31.78,1032.8,13.6,1.6,3.2,0.0,60.6,0.0,0.0
2026-03-24T03:29:00Z,232.51,938.8,4.28,0.943,50.0,3.9878,31.9,861.6,11.0,1.6,2.7,0.0,61.9,0.0,0.0
2026-03-24T03:30:00Z,231.27,1162.9,5.39,0.933,49.96,4.0072,32.06,1078.7,13.0,1.4,3.3,0.0,66.5,0.0,0.0
2026-03-24T03:31:00Z,232.26,1198.3,5.55,0.929,50.03,4.0272,32.22,1120.0,13.7,1.5,3.1,0.0,60.0,0.0,0.0
2026-03-24T03:32:00Z,232.6,1128.5,5.15,0.942,50.0,4.046,32.37,1053.6,12.6,1.2,2.7,0.0,58.4,0.0,0.0
2026-03-24T03:33:00Z,231.46,1024.0,4.72,0.937,50.02,4.063,32.5,952.4,9.8,1.5,3.1,0.0,57.2,0.0,0.0
2026-03-24T03:34:00Z,231.14,1032.3,4.77,0.937,49.97,4.0802,32.64,962.8,9.3,1.6,3.0,0.0,55.6,0.0,0.0
2026-03-24T03:35:00Z,231.44,1019.4,4.76,0.925,50.0,4.0972,32.78,943.6,12.2,1.4,3.0,0.0,59.2,0.0,0.0
2026-03-24T03:36:00Z,232.06,933.6,4.29,0.937,50.03,4.1128,32.9,861.5,11.1,1.7,3.3,0.0,56.0,0.0,0.0
2026-03-24T03:37:00Z,232.83,1179.2,5.41,0.937,49.97,4.1324,33.06,1098.0,12.4,1.6,3.5,0.0,63.7,0.0,0.0
2026-03-24T03:38:00Z,232.36,1129.6,5.17,0.941,50.02,4.1513,33.21,1047.8,10.2,1.2,2.5,0.0,67.9,0.0,0.0
2026-03-24T03:39:00Z,231.1,933.0,4.36,0.927,49.97,4.1668,33.33,856.0,13.8,1.4,2.7,0.0,59.1,0.0,0.0
2026-03-24T03:40:00Z,232.03,1148.8,5.35,0.925,49.98,4.186,33.49,1077.7,9.3,1.3,2.8,0.0,57.7,0.0,0.0
2026-03-24T03:41:00Z,232.06,1213.7,5.61,0.933,49.99,4.2062,33.65,1132.4,13.7,1.4,3.2,0.0,63.0,0.0,0.0
2026-03-24T03:42:00Z,232.17,1148.5,5.34,0.927,49.98,4.2253,33.8,1077.9,10.3,1.3,2.8,0.0,56.2,0.0,0.0
2026-03-24T03:43:00Z,231.51,1159.8,5.32,0.941,50.02,4.2447,33.96,1081.7,9.9,1.2,3.4,0.0,63.6,0.0,0.0
2026-03-24T03:44:00Z,232.68,1061.3,4.91,0.929,49.96,4.2623,34.1,984.3,9.6,1.7,2.7,0.0,63.0,0.0,0.0
2026-03-24T03:45:00Z,232.69,1126.5,5.21,0.929,50.01,4.2811,34.25,913.2,149.7,1.8,3.1,0.0,58.7,0.0,0.0
2026-03-24T03:46:00Z,231.99,1297.5,6.06,0.923,49.99,4.3027,34.42,1072.6,153.2,1.5,2.8,0.0,67.4,0.0,0.0
2026-03-24T03:47:00Z,232.77,1247.3,5.78,0.927,50.04,4.3235,34.59,1029.9,146.4,1.3,2.7,0.0,67.0,0.0,0.0
2026-03-24T03:48:00Z,231.81,1148.5,5.33,0.93,50.02,4.3427,34.74,939.9,138.0,1.7,2.5,0.0,66.4,0.0,0.0
2026-03-24T03:49:00Z,231.65,1267.0,5.87,0.931,50.02,4.3638,34.91,1060.3,135.1,1.4,3.0,0.0,67.2,0.0,0.0
2026-03-24T03:50:00Z,233.09,1111.8,5.1,0.935,50.03,4.3823,35.06,903.1,145.5,1.5,3.3,0.0,58.4,0.0,0.0
2026-03-24T03:51:00Z,231.38,1209.0,5.57,0.938,50.05,4.4025,35.22,1006.0,142.0,1.8,2.9,0.0,56.3,0.0,0.0
2026-03-24T03:52:00Z,232.89,1352.0,6.19,0.938,50.05,4.425,35.4,1146.6,142.3,1.2,2.7,0.0,59.2,0.0,0.0
2026-03-24T03:53:00Z,231.6,1093.3,5.1,0.926,49.96,4.4432,35.55,877.1,144.9,1.2,3.0,0.0,67.1,0.0,0.0
2026-03-24T03:54:00Z,231.51,1290.2,6.01,0.927,49.97,4.4647,35.72,1070.9,151.3,1.6,3.5,0.0,62.9,0.0,0.0
2026-03-24T03:55:00Z,232.55,1340.5,6.13,0.94,50.02,4.4871,35.9,1133.4,141.0,1.4,3.1,0.0,61.6,0.0,0.0
2026-03-24T03:56:00Z,231.84,1114.9,5.13,0.937,50.04,4.5057,36.05,904.9,138.1,1.6,3.2,0.0,67.1,0.0,0.0
2026-03-24T03:57:00Z,232.47,1120.3,5.18,0.93,49.96,4.5243,36.19,917.2,140.0,1.6,3.2,0.0,58.3,0.0,0.0
2026-03-24T03:58:00Z,231.2,1082.0,4.98,0.939,50.03,4.5424,36.34,869.0,150.1,1.6,2.8,0.0,58.5,0.0,0.0
2026-03-24T03:59:00Z,232.1,1082.0,4.96,0.94,49.97,4.5604,36.48,868.3,149.3,1.3,3.0,0.0,60.1,0.0,0.0
2026-03-24T04:00:00Z,232.82,1193.8,5.48,0.936,50.0,4.5803,36.64,984.8,144.6,1.5,2.6,0.0,60.3,0.0,0.0
2026-03-24T04:01:00Z,231.79,1162.1,5.45,0.92,50.02,4.5997,36.8,964.0,135.8,1.6,3.4,0.0,57.3,0.0,0.0
2026-03-24T04:02:00Z,232.89,1242.9,5.78,0.923,50.02,4.6204,36.96,1033.9,140.6,1.5,2.8,0.0,64.1,0.0,0.0
2026-03-24T04:03:00Z,231.84,1264.0,5.82,0.937,50.04,4.6414,37.13,1058.1,138.1,1.3,3.3,0.0,63.2,0.0,0.0
2026-03-24T04:04:00Z,232.46,1129.5,5.23,0.929,49.98,4.6603,37.28,919.5,142.0,1.4,2.9,0.0,63.7,0.0,0.0
2026-03-24T04:05:00Z,232.74,1187.6,5.46,0.934,49.96,4.6801,37.44,1110.8,12.1,1.3,2.7,0.0,60.7,0.0,0.0
2026-03-24T04:06:00Z,232.48,1167.3,5.38,0.934,49.96,4.6995,37.6,1096.7,10.8,1.2,2.6,0.0,56.0,0.0,0.0
2026-03-24T04:07:00Z,231.22,987.2,4.61,0.926,50.03,4.716,37.73,906.6,10.7,1.3,3.5,0.0,65.1,0.0,0.0
2026-03-24T04:08:00Z,232.61,1082.4,4.98,0.935,49.97,4.734,37.87,1008.0,9.2,1.4,2.9,0.0,60.9,0.0,0.0
2026-03-24T04:09:00Z,233.05,946.9,4.34,0.936,50.02,4.7498,38.0,869.2,12.9,1.5,3.5,0.0,59.8,0.0,0.0
2026-03-24T04:10:00Z,231.84,953.2,4.39,0.936,49.98,4.7657,38.13,880.6,10.6,1.5,2.7,0.0,57.8,0.0,0.0
2026-03-24T04:11:00Z,232.49,996.3,4.58,0.936,50.01,4.7823,38.26,918.2,9.4,1.4,2.6,0.0,64.7,0.0,0.0
2026-03-24T04:12:00Z,232.62,1117.3,5.15,0.933,49.96,4.8009,38.41,1042.9,10.8,1.7,3.0,0.0,58.9,0.0,0.0
2026-03-24T04:13:00Z,232.86,935.2,4.29,0.936,50.02,4.8165,38.53,859.1,10.4,1.3,3.5,0.0,60.9,0.0,0.0
2026-03-24T04:14:00Z,233.08,1156.1,5.33,0.93,49.99,4.8358,38.69,1080.9,13.9,1.4,2.6,0.0,57.3,0.0,0.0
2026-03-24T04:15:00Z,232.75,1047.0,4.82,0.934,50.04,4.8532,38.83,966.4,9.2,1.7,3.3,0.0,66.4,0.0,0.0
2026-03-24T04:16:00Z,231.48,1108.4,5.18,0.924,49.95,4.8717,38.97,1026.7,13.6,1.8,3.1,0.0,63.2,0.0,0.0
2026-03-24T04:17:00Z,231.98,1217.7,5.61,0.935,50.03,4.892,39.14,1134.8,11.1,1.7,3.0,0.0,67.1,0.0,0.0
2026-03-24T04:18:00Z,231.66,1186.1,5.57,0.919,50.0,4.9117,39.29,1104.7,12.4,1.4,3.2,0.0,64.4,0.0,0.0
2026-03-24T04:19:00Z,231.41,935.1,4.32,0.936,50.04,4.9273,39.42,861.8,11.2,1.7,2.6,0.0,57.8,0.0,0.0
2026-03-24T04:20:00Z,232.75,1138.7,5.27,0.928,50.01,4.9463,39.57,1060.6,13.2,1.3,2.8,0.0,60.8,0.0,0.0
2026-03-24T04:21:00Z,233.1,1060.8,4.88,0.932,50.0,4.964,39.71,981.4,13.9,1.7,2.5,0.0,61.3,0.0,0.0
2026-03-24T04:22:00Z,231.63,1064.8,4.98,0.923,50.04,4.9817,39.85,981.0,13.8,1.4,3.2,0.0,65.4,0.0,0.0
2026-03-24T04:23:00Z,231.45,1040.7,4.87,0.924,49.96,4.9991,39.99,965.5,12.7,1.8,3.4,0.0,57.3,0.0,0.0
2026-03-24T04:24:00Z,231.65,967.9,4.48,0.933,49.98,5.0152,40.12,886.5,10.9,1.5,2.7,0.0,66.3,0.0,0.0
2026-03-24T04:25:00Z,231.99,1176.5,5.49,0.924,50.01,5.0348,40.28,1099.8,10.5,1.6,2.7,0.0,61.9,0.0,0.0
2026-03-24T04:26:00Z,231.98,1056.1,4.9,0.93,49.97,5.0524,40.42,970.8,13.9,1.6,2.8,0.0,67.0,0.0,0.0
2026-03-24T04:27:00Z,231.87,1125.4,5.28,0.92,49.97,5.0712,40.57,1052.9,10.7,1.5,2.5,0.0,57.8,0.0,0.0
2026-03-24T04:28:00Z,232.98,1041.3,4.8,0.932,49.97,5.0885,40.71,972.6,9.2,1.3,2.6,0.0,55.6,0.0,0.0
2026-03-24T04:29:00Z,232.99,947.8,4.41,0.923,50.02,5.1043,40.83,874.2,11.7,1.2,3.5,0.0,57.2,0.0,0.0
2026-03-24T04:30:00Z,232.11,1117.7,5.16,0.933,50.05,5.123,40.98,915.8,140.0,1.4,3.2,0.0,57.3,0.0,0.0
2026-03-24T04:31:00Z,231.77,1069.3,4.96,0.931,50.03,5.1408,41.13,865.6,140.1,1.5,2.9,0.0,59.2,0.0,0.0
2026-03-24T04:32:00Z,231.33,1138.4,5.26,0.935,49.98,5.1598,41.28,922.8,146.1,1.7,3.4,0.0,64.4,0.0,0.0
2026-03-24T04:33:00Z,231.35,1175.6,5.52,0.921,49.98,5.1793,41.43,963.5,148.2,1.2,3.3,0.0,59.4,0.0,0.0
2026-03-24T04:34:00Z,232.69,1312.9,6.03,0.935,50.03,5.2012,41.61,1109.4,139.0,1.5,2.8,0.0,60.2,0.0,0.0
2026-03-24T04:35:00Z,231.74,1140.0,5.36,0.917,49.96,5.2202,41.76,922.4,154.9,1.2,3.4,0.0,58.1,0.0,0.0
2026-03-24T04:36:00Z,232.45,1106.4,5.1,0.933,49.98,5.2387,41.91,891.4,152.6,1.5,3.1,0.0,57.8,0.0,0.0
2026-03-24T04:37:00Z,232.82,1220.2,5.61,0.934,50.03,5.259,42.07,1018.5,138.0,1.4,3.1,0.0,59.2,0.0,0.0
2026-03-24T04:38:00Z,232.24,1201.3,5.56,0.931,49.98,5.279,42.23,989.7,149.4,1.7,3.2,0.0,57.3,0.0,0.0
2026-03-24T04:39:00Z,231.41,1121.7,5.23,0.927,50.0,5.2977,42.38,908.7,149.8,1.2,3.0,0.0,59.0,0.0,0.0
2026-03-24T04:40:00Z,232.95,1096.4,5.06,0.93,49.98,5.316,42.53,870.5,153.2,1.6,3.3,0.0,67.8,0.0,0.0
2026-03-24T04:41:00Z,232.64,1061.1,4.96,0.919,49.98,5.3337,42.67,858.3,139.9,1.6,2.6,0.0,58.7,0.0,0.0
2026-03-24T04:42:00Z,233.14,1358.9,6.34,0.919,49.96,5.3563,42.85,1143.0,151.1,1.7,3.3,0.0,59.8,0.0,0.0
2026-03-24T04:43:00Z,232.69,1252.4,5.87,0.917,50.0,5.3772,43.02,1049.5,136.9,1.5,2.7,0.0,61.8,0.0,0.0
2026-03-24T04:44:00Z,233.21,1151.2,5.31,0.93,50.01,5.3964,43.17,928.1,151.4,1.2,3.3,0.0,67.2,0.0,0.0
2026-03-24T04:45:00Z,232.53,1207.2,5.64,0.92,49.96,5.4165,43.33,981.7,153.8,1.2,2.5,0.0,68.0,0.0,0.0
2026-03-24T04:46:00Z,232.9,1220.7,5.68,0.922,50.01,5.4369,43.49,1019.5,135.2,1.8,2.9,0.0,61.3,0.0,0.0
2026-03-24T04:47:00Z,231.76,1207.1,5.59,0.932,50.02,5.457,43.66,994.9,149.3,1.8,2.6,0.0,58.5,0.0,0.0
2026-03-24T04:48:00Z,232.85,1089.2,5.05,0.927,50.05,5.4751,43.8,873.7,146.8,1.3,3.0,0.0,64.4,0.0,0.0
2026-03-24T04:49:00Z,232.13,1112.9,5.2,0.922,50.03,5.4937,43.95,893.5,151.0,1.3,3.4,0.0,63.7,0.0,0.0
2026-03-24T04:50:00Z,232.55,983.1,4.56,0.927,50.03,5.5101,44.08,897.1,13.5,1.5,3.0,0.0,68.0,0.0,0.0
2026-03-24T04:51:00Z,231.56,1107.2,5.22,0.916,50.01,5.5285,44.23,1024.1,12.1,1.5,3.0,0.0,66.5,0.0,0.0
2026-03-24T04:52:00Z,233.3,1005.5,4.72,0.914,49.98,5.5453,44.36,926.9,13.1,1.6,2.8,0.0,61.1,0.0,0.0
2026-03-24T04:53:00Z,231.99,1166.5,5.44,0.925,49.99,5.5647,44.52,1082.5,11.7,1.8,3.4,0.0,67.1,0.0,0.0
2026-03-24T04:54:00Z,232.06,1206.6,5.63,0.923,50.03,5.5848,44.68,1131.2,10.1,1.2,3.1,0.0,61.0,0.0,0.0
2026-03-24T04:55:00Z,231.75,1156.0,5.35,0.933,50.03,5.6041,44.83,1077.8,9.6,1.5,3.0,0.0,64.1,0.0,0.0
2026-03-24T04:56:00Z,231.87,1219.8,5.67,0.927,49.97,5.6244,45.0,1139.7,9.9,1.4,2.6,0.0,66.2,0.0,0.0
2026-03-24T04:57:00Z,231.52,1213.5,5.72,0.916,50.01,5.6446,45.16,1138.0,11.2,1.5,3.3,0.0,59.5,0.0,0.0
2026-03-24T04:58:00Z,231.41,1087.2,5.12,0.917,50.02,5.6628,45.3,1010.6,12.3,1.4,2.5,0.0,60.4,0.0,0.0
2026-03-24T04:59:00Z,231.74,1171.4,5.42,0.932,50.04,5.6823,45.46,1095.4,11.2,1.7,2.9,0.0,60.2,0.0,0.0
2026-03-24T05:00:00Z,232.83,1025.8,4.81,0.916,50.02,5.6994,45.6,947.4,9.2,1.5,3.1,0.0,64.6,0.0,0.0
2026-03-24T05:01:00Z,231.89,960.4,4.53,0.914,49.97,5.7154,45.72,875.4,12.6,1.3,3.4,0.0,67.7,0.0,0.0
2026-03-24T05:02:00Z,231.76,1065.1,4.97,0.924,49.99,5.7331,45.87,989.7,10.5,1.6,3.5,0.0,59.8,0.0,0.0
2026-03-24T05:03:00Z,232.08,1007.7,4.69,0.925,50.04,5.7499,46.0,935.2,12.6,1.4,3.3,0.0,55.2,0.0,0.0
2026-03-24T05:04:00Z,232.54,1096.6,5.13,0.919,50.04,5.7682,46.15,1018.8,12.6,1.6,3.1,0.0,60.5,0.0,0.0
2026-03-24T05:05:00Z,233.3,996.7,4.58,0.932,49.98,5.7848,46.28,920.2,13.2,1.5,3.1,0.0,58.7,0.0,0.0
2026-03-24T05:06:00Z,231.89,974.0,4.57,0.919,49.95,5.8011,46.41,902.2,11.6,1.3,2.7,0.0,56.2,0.0,0.0
2026-03-24T05:07:00Z,231.54,952.7,4.41,0.932,50.0,5.8169,46.54,881.3,11.6,1.4,3.2,0.0,55.2,0.0,0.0
2026-03-24T05:08:00Z,232.44,1107.4,5.17,0.921,49.96,5.8354,46.68,1033.1,9.3,1.5,3.5,0.0,60.0,0.0,0.0
2026-03-24T05:09:00Z,233.35,1169.8,5.48,0.914,50.01,5.8549,46.84,1089.8,9.6,1.7,2.9,0.0,65.8,0.0,0.0
2026-03-24T05:10:00Z,232.39,955.0,4.45,0.923,49.97,5.8708,46.97,879.5,11.4,1.8,3.2,0.0,59.1,0.0,0.0
2026-03-24T05:11:00Z,232.53,1181.0,5.53,0.918,49.97,5.8905,47.12,1110.5,9.9,1.3,3.4,0.0,55.9,0.0,0.0
2026-03-24T05:12:00Z,232.19,1001.0,4.7,0.918,49.98,5.9072,47.26,919.0,10.8,1.4,3.0,0.0,66.8,0.0,0.0
2026-03-24T05:13:00Z,232.6,936.7,4.38,0.919,49.98,5.9228,47.38,852.7,13.8,1.7,2.9,0.0,65.6,0.0,0.0
2026-03-24T05:14:00Z,233.08,1062.1,4.96,0.919,49.97,5.9405,47.52,990.9,9.2,1.3,2.7,0.0,58.0,0.0,0.0
2026-03-24T05:15:00Z,233.13,1073.6,5.04,0.914,49.96,5.9584,47.67,857.4,143.9,1.5,3.4,0.0,67.4,0.0,0.0
2026-03-24T05:16:00Z,232.99,1347.2,6.32,0.915,50.0,5.9808,47.85,1148.5,135.2,1.5,2.9,0.0,59.1,0.0,0.0
2026-03-24T05:17:00Z,232.25,1080.2,5.07,0.918,50.04,5.9988,47.99,859.6,151.2,1.5,3.2,0.0,64.7,0.0,0.0
2026-03-24T05:18:00Z,233.08,1295.0,6.05,0.919,50.04,6.0204,48.16,1081.8,152.1,1.3,2.8,0.0,57.0,0.0,0.0
2026-03-24T05:19:00Z,232.07,1254.8,5.93,0.912,49.97,6.0413,48.33,1032.9,153.8,1.8,3.1,0.0,63.2,0.0,0.0
2026-03-24T05:20:00Z,232.8,1356.0,6.39,0.912,49.98,6.0639,48.51,1143.9,146.2,1.4,3.3,0.0,61.2,0.0,0.0
2026-03-24T05:21:00Z,233.33,1263.4,5.9,0.918,50.05,6.085,48.68,1054.0,142.5,1.7,2.9,0.0,62.3,0.0,0.0
2026-03-24T05:22:00Z,233.43,1070.4,5.02,0.913,50.0,6.1028,48.82,860.0,143.4,1.3,2.6,0.0,63.1,0.0,0.0
2026-03-24T05:23:00Z,231.71,1260.5,5.89,0.923,49.95,6.1238,48.99,1043.8,147.3,1.4,2.9,0.0,65.1,0.0,0.0
2026-03-24T05:24:00Z,232.33,1103.1,5.1,0.931,50.04,6.1422,49.14,891.4,140.1,1.2,3.3,0.0,67.1,0.0,0.0
2026-03-24T05:25:00Z,232.39,1135.5,5.28,0.926,50.03,6.1611,49.29,921.8,148.3,1.5,2.7,0.0,61.2,0.0,0.0
2026-03-24T05:26:00Z,232.5,1255.6,5.87,0.92,50.01,6.1821,49.46,1055.1,136.2,1.5,3.5,0.0,59.3,0.0,0.0
2026-03-24T05:27:00Z,232.85,1335.3,6.18,0.928,50.04,6.2043,49.63,1119.6,153.1,1.5,2.8,0.0,58.3,0.0,0.0
2026-03-24T05:28:00Z,233.45,1165.5,5.41,0.922,50.02,6.2238,49.79,963.6,136.3,1.2,3.2,0.0,61.2,0.0,0.0
2026-03-24T05:29:00Z,232.09,1273.9,5.95,0.922,50.01,6.245,49.96,1065.1,144.5,1.6,3.2,0.0,59.5,0.0,0.0
2026-03-24T05:30:00Z,231.95,1162.6,5.43,0.923,49.96,6.2644,50.11,950.5,142.7,1.2,3.4,0.0,64.8,0.0,0.0
2026-03-24T05:31:00Z,232.03,1324.8,6.17,0.925,49.99,6.2864,50.29,1119.9,143.8,1.6,3.0,0.0,56.5,0.0,0.0
2026-03-24T05:32:00Z,231.82,1246.4,5.83,0.923,49.97,6.3072,50.46,1042.4,138.1,1.6,3.0,0.0,61.3,0.0,0.0
2026-03-24T05:33:00Z,231.83,1162.2,5.4,0.928,50.05,6.3266,50.61,966.3,135.7,1.4,3.0,0.0,55.8,0.0,0.0
2026-03-24T05:34:00Z,232.66,1314.4,6.19,0.913,50.0,6.3485,50.79,1103.7,143.9,1.6,3.0,0.0,62.2,0.0,0.0
2026-03-24T05:35:00Z,232.63,1148.7,5.36,0.921,49.96,6.3676,50.94,1065.8,10.6,1.5,3.2,0.0,67.6,0.0,0.0
2026-03-24T05:36:00Z,232.46,991.2,4.61,0.925,49.95,6.3842,51.07,913.7,10.8,1.3,2.9,0.0,62.5,0.0,0.0
2026-03-24T05:37:00Z,233.1,1013.6,4.72,0.922,50.03,6.4011,51.21,932.9,9.8,1.7,2.9,0.0,66.3,0.0,0.0
2026-03-24T05:38:00Z,232.8,1082.3,5.1,0.912,50.01,6.4191,51.35,998.7,13.0,1.6,3.5,0.0,65.5,0.0,0.0
2026-03-24T05:39:00Z,231.72,1006.8,4.71,0.923,49.99,6.4359,51.49,935.5,9.3,1.8,3.2,0.0,57.0,0.0,0.0
2026-03-24T05:40:00Z,232.53,1093.4,5.14,0.914,50.01,6.4541,51.63,1020.0,12.5,1.6,3.5,0.0,55.8,0.0,0.0
2026-03-24T05:41:00Z,233.33,1155.5,5.37,0.922,50.03,6.4734,51.79,1075.0,12.3,1.7,3.1,0.0,63.4,0.0,0.0
2026-03-24T05:42:00Z,233.19,1183.3,5.57,0.911,50.03,6.4931,51.94,1109.3,10.4,1.8,2.9,0.0,58.9,0.0,0.0
2026-03-24T05:43:00Z,231.52,1187.1,5.58,0.919,49.97,6.5129,52.1,1113.9,9.0,1.2,3.3,0.0,59.7,0.0,0.0
2026-03-24T05:44:00Z,232.77,1095.0,5.08,0.926,49.97,6.5311,52.25,1017.1,10.5,1.7,2.5,0.0,63.2,0.0,0.0
2026-03-24T05:45:00Z,233.16,983.1,4.55,0.927,49.96,6.5475,52.38,901.0,12.9,1.6,2.9,0.0,64.7,0.0,0.0
2026-03-24T05:46:00Z,233.17,939.4,4.39,0.917,49.99,6.5631,52.51,857.2,11.1,1.5,3.1,0.0,66.5,0.0,0.0
2026-03-24T05:47:00Z,233.12,1200.1,5.62,0.916,50.04,6.5832,52.67,1129.8,10.6,1.7,2.6,0.0,55.4,0.0,0.0
2026-03-24T05:48:00Z,232.15,1095.7,5.1,0.926,50.04,6.6014,52.81,1012.1,12.4,1.5,3.0,0.0,66.7,0.0,0.0
2026-03-24T05:49:00Z,233.49,1010.0,4.74,0.912,49.96,6.6182,52.95,926.6,11.1,1.7,3.5,0.0,67.1,0.0,0.0
2026-03-24T05:50:00Z,233.42,1204.1,5.61,0.92,50.04,6.6383,53.11,1120.5,11.9,1.5,3.1,0.0,67.1,0.0,0.0
2026-03-24T05:51:00Z,232.82,1026.4,4.76,0.927,49.99,6.6554,53.24,950.7,11.2,1.5,3.1,0.0,59.9,0.0,0.0
2026-03-24T05:52:00Z,231.69,1114.8,5.2,0.925,49.96,6.674,53.39,1034.2,13.3,1.2,3.3,0.0,62.8,0.0,0.0
2026-03-24T05:53:00Z,232.82,1039.1,4.82,0.925,50.0,6.6913,53.53,957.9,10.6,1.5,3.4,0.0,65.7,0.0,0.0
2026-03-24T05:54:00Z,231.74,1138.1,5.37,0.915,50.04,6.7103,53.68,1059.6,13.4,1.2,2.8,0.0,61.1,0.0,0.0
2026-03-24T05:55:00Z,231.59,1003.2,4.7,0.922,49.97,6.727,53.82,920.1,10.9,1.6,2.7,0.0,67.9,0.0,0.0
2026-03-24T05:56:00Z,232.96,1093.6,5.12,0.917,50.01,6.7452,53.96,1015.2,9.3,1.7,2.9,0.0,64.5,0.0,0.0
2026-03-24T05:57:00Z,231.57,1189.4,5.52,0.93,49.95,6.7651,54.12,1106.0,14.0,1.7,3.3,0.0,64.4,0.0,0.0
2026-03-24T05:58:00Z,233.07,1119.3,5.18,0.928,49.97,6.7837,54.27,1046.3,11.8,1.8,2.8,0.0,56.6,0.0,0.0
2026-03-24T05:59:00Z,231.97,1131.3,5.32,0.917,50.0,6.8026,54.42,1047.0,13.0,1.3,2.7,0.0,67.3,0.0,0.0
2026-03-24T06:00:00Z,232.3,1233.4,5.73,0.926,50.04,6.8231,54.58,1003.1,147.6,1.3,3.3,19.7,58.4,0.0,0.0
2026-03-24T06:01:00Z,231.9,1245.2,5.82,0.923,50.0,6.8439,54.75,1001.8,153.5,1.3,2.9,19.8,65.9,0.0,0.0
2026-03-24T06:02:00Z,231.6,1157.8,5.47,0.914,50.04,6.8632,54.91,925.6,140.9,1.5,3.0,19.7,67.1,0.0,0.0
2026-03-24T06:03:00Z,233.14,1364.5,6.38,0.918,50.01,6.8859,55.09,1136.1,147.6,1.6,3.1,16.4,59.7,0.0,0.0
2026-03-24T06:04:00Z,233.44,1284.0,5.95,0.925,50.01,6.9073,55.26,1057.8,138.2,1.7,3.2,17.7,65.4,0.0,0.0
2026-03-24T06:05:00Z,232.13,1324.8,6.2,0.921,50.05,6.9294,55.44,1081.7,153.6,1.4,3.1,18.4,66.6,0.0,0.0
2026-03-24T06:06:00Z,231.74,1305.5,6.14,0.917,50.04,6.9512,55.61,1068.6,144.3,1.4,3.3,19.9,68.0,0.0,0.0
2026-03-24T06:07:00Z,232.61,1372.7,6.4,0.922,50.0,6.974,55.79,1149.3,145.4,1.2,3.0,17.9,55.9,0.0,0.0
2026-03-24T06:08:00Z,233.18,1154.0,5.43,0.911,49.96,6.9933,55.95,934.7,142.1,1.6,3.3,17.1,55.2,0.0,0.0
2026-03-24T06:09:00Z,232.2,1119.1,5.24,0.919,49.96,7.0119,56.1,885.9,153.6,1.6,3.5,18.4,56.1,0.0,0.0
2026-03-24T06:10:00Z,231.89,1257.2,5.91,0.917,50.05,7.0329,56.26,1024.8,154.1,1.2,3.4,18.3,55.4,0.0,0.0
2026-03-24T06:11:00Z,231.7,1116.3,5.29,0.91,50.03,7.0515,56.41,892.2,139.7,1.5,3.3,19.0,60.6,0.0,0.0
2026-03-24T06:12:00Z,232.14,1171.5,5.5,0.918,49.97,7.071,56.57,934.4,153.9,1.7,2.5,18.6,60.4,0.0,0.0
2026-03-24T06:13:00Z,232.1,1338.1,6.31,0.913,50.01,7.0933,56.75,1112.0,136.0,1.5,3.2,18.1,67.3,0.0,0.0
2026-03-24T06:14:00Z,232.04,1258.4,5.87,0.924,50.03,7.1143,56.91,1034.2,140.5,1.8,3.0,18.0,60.9,0.0,0.0
2026-03-24T06:15:00Z,232.9,1250.1,5.83,0.92,50.0,7.1351,57.08,1023.9,139.1,1.2,3.0,17.9,65.0,0.0,0.0
2026-03-24T06:16:00Z,232.73,1367.3,6.44,0.912,49.97,7.1579,57.26,1136.3,142.8,1.3,3.4,18.6,64.9,0.0,0.0
2026-03-24T06:17:00Z,231.7,1107.2,5.17,0.925,49.97,7.1764,57.41,887.7,138.5,1.6,2.8,17.2,59.4,0.0,0.0
2026-03-24T06:18:00Z,232.73,1087.5,5.07,0.921,49.99,7.1945,57.56,869.3,136.4,1.4,3.0,18.2,59.2,0.0,0.0
2026-03-24T06:19:00Z,232.57,1322.5,6.14,0.926,50.01,7.2165,57.73,1102.2,135.4,1.3,3.3,18.8,61.5,0.0,0.0
2026-03-24T06:20:00Z,232.93,1175.7,5.55,0.91,49.97,7.2361,57.89,1076.1,12.2,1.3,2.6,17.0,66.5,0.0,0.0
2026-03-24T06:21:00Z,232.21,1152.3,5.38,0.922,50.04,7.2553,58.04,1053.8,11.5,1.3,3.2,16.0,66.5,0.0,0.0
2026-03-24T06:22:00Z,232.97,943.9,4.43,0.914,49.97,7.2711,58.17,854.5,13.5,1.3,3.0,16.1,55.5,0.0,0.0
2026-03-24T06:23:00Z,233.33,1096.4,5.15,0.912,50.05,7.2893,58.31,1005.6,10.2,1.2,2.7,19.9,56.8,0.0,0.0
2026-03-24T06:24:00Z,233.1,949.5,4.47,0.912,50.02,7.3051,58.44,853.3,13.7,1.7,3.4,19.1,58.3,0.0,0.0
2026-03-24T06:25:00Z,232.79,1046.5,4.91,0.915,50.04,7.3226,58.58,953.2,10.0,1.3,3.2,17.8,61.0,0.0,0.0
2026-03-24T06:26:00Z,233.26,1052.9,4.87,0.927,49.97,7.3401,58.72,959.7,10.8,1.8,2.9,17.0,60.7,0.0,0.0
2026-03-24T06:27:00Z,231.59,1112.7,5.19,0.926,50.0,7.3587,58.87,1013.7,11.6,1.2,3.2,17.9,65.1,0.0,0.0
2026-03-24T06:28:00Z,232.46,1129.9,5.27,0.922,50.05,7.3775,59.02,1038.5,13.7,1.3,3.3,17.9,55.2,0.0,0.0
2026-03-24T06:29:00Z,232.36,967.0,4.54,0.917,50.05,7.3936,59.15,875.1,12.2,1.5,3.0,17.2,58.0,0.0,0.0
2026-03-24T06:30:00Z,233.36,3209.6,14.89,0.924,50.03,7.4471,59.58,926.4,11.8,1.5,3.4,17.7,61.5,0.0,2187.3
2026-03-24T06:31:00Z,233.19,2270.7,10.53,0.925,50.0,7.485,59.88,4.5,12.7,1.3,3.0,19.7,66.2,0.0,2163.3
2026-03-24T06:32:00Z,233.22,2275.4,10.5,0.929,50.03,7.5229,60.18,4.1,14.0,1.4,2.5,19.0,62.7,0.0,2171.7
2026-03-24T06:33:00Z,231.93,2313.2,10.84,0.92,49.98,7.5614,60.49,4.7,10.1,1.2,2.7,19.1,58.0,0.0,2217.4
2026-03-24T06:34:00Z,233.44,2355.4,10.88,0.927,49.97,7.6007,60.81,5.0,13.7,1.7,3.5,17.5,65.9,0.0,2248.1
2026-03-24T06:35:00Z,231.74,2257.8,10.67,0.913,49.96,7.6383,61.11,4.7,13.1,1.6,3.1,18.0,64.5,0.0,2152.8
2026-03-24T06:36:00Z,231.96,2308.5,10.82,0.92,50.0,7.6768,61.41,4.6,9.8,1.2,3.4,18.0,64.0,0.0,2207.5
2026-03-24T06:37:00Z,232.44,2324.7,10.89,0.918,50.05,7.7156,61.72,4.2,13.8,1.3,2.8,17.7,58.7,0.0,2226.2
2026-03-24T06:38:00Z,231.73,2275.2,10.63,0.924,50.04,7.7535,62.03,4.9,10.5,1.5,3.0,18.0,65.8,0.0,2171.5
2026-03-24T06:39:00Z,233.45,2303.1,10.62,0.929,50.05,7.7919,62.33,4.1,12.8,1.4,2.9,16.2,67.9,0.0,2197.8
2026-03-24T06:40:00Z,233.15,2282.1,10.69,0.916,49.96,7.8299,62.64,4.6,13.6,1.6,3.3,20.0,66.1,0.0,2172.9
2026-03-24T06:41:00Z,231.92,2338.9,11.06,0.912,50.0,7.8689,62.95,4.5,11.6,1.3,2.5,16.0,67.3,0.0,2235.7
2026-03-24T06:42:00Z,231.77,2315.5,10.75,0.929,50.01,7.9075,63.26,4.7,10.8,1.2,2.8,19.7,58.6,0.0,2217.7
2026-03-24T06:43:00Z,232.54,2276.9,10.74,0.912,49.96,7.9454,63.56,4.9,9.7,1.5,2.7,18.7,64.0,0.0,2175.4
2026-03-24T06:44:00Z,232.04,2309.4,10.82,0.92,49.96,7.9839,63.87,4.9,9.9,1.3,3.2,19.2,67.7,0.0,2203.2
2026-03-24T06:45:00Z,233.31,2480.9,11.62,0.915,50.02,8.0253,64.2,4.2,150.9,1.6,3.4,16.6,58.4,0.0,2245.8
2026-03-24T06:46:00Z,232.4,2394.0,11.23,0.917,50.01,8.0652,64.52,4.4,145.5,1.8,2.7,16.7,55.1,0.0,2167.8
2026-03-24T06:47:00Z,231.91,2474.4,11.6,0.92,50.02,8.1064,64.85,4.8,149.3,1.5,3.4,16.5,58.7,0.0,2240.2
2026-03-24T06:48:00Z,233.32,2391.5,11.18,0.917,49.97,8.1463,65.17,5.0,144.9,1.2,3.4,17.6,59.6,0.0,2159.8
2026-03-24T06:49:00Z,232.17,2432.6,11.4,0.919,49.96,8.1868,65.49,4.5,147.1,1.5,3.0,18.9,61.8,0.0,2195.8
2026-03-24T06:50:00Z,233.06,2404.7,11.17,0.924,50.02,8.2269,65.81,4.8,148.6,1.6,2.7,17.8,65.0,0.0,2164.2
2026-03-24T06:51:00Z,233.27,2437.6,11.4,0.917,49.97,8.2675,66.14,5.0,136.9,1.4,3.4,17.2,59.4,0.0,2214.3
2026-03-24T06:52:00Z,231.9,2396.7,11.23,0.92,50.01,8.3074,66.46,4.2,144.4,1.5,3.3,19.6,62.4,0.0,2161.3
2026-03-24T06:53:00Z,231.74,2446.4,11.47,0.92,49.97,8.3482,66.79,5.0,145.0,1.3,3.3,16.0,59.1,0.0,2216.7
2026-03-24T06:54:00Z,233.16,2485.3,11.56,0.922,49.97,8.3896,67.12,4.2,151.1,1.2,2.9,19.4,66.3,0.0,2240.2
2026-03-24T06:55:00Z,232.22,2467.1,11.44,0.929,49.97,8.4308,67.45,4.7,146.1,1.4,3.1,19.9,66.5,0.0,2225.4
2026-03-24T06:56:00Z,231.58,2372.2,11.0,0.931,50.02,8.4703,67.76,4.8,137.4,1.5,2.8,16.8,56.2,0.0,2152.7
2026-03-24T06:57:00Z,232.03,2469.4,11.48,0.927,49.99,8.5115,68.09,5.0,144.3,1.5,2.9,19.1,66.2,0.0,2230.4
2026-03-24T06:58:00Z,232.56,2392.0,11.13,0.924,49.98,8.5513,68.41,4.2,151.3,1.3,2.6,17.4,62.7,0.0,2152.5
2026-03-24T06:59:00Z,231.74,2394.1,11.22,0.921,50.01,8.5912,68.73,4.1,135.8,1.4,2.6,17.4,56.8,0.0,2176.0
2026-03-24T07:00:00Z,231.65,2475.8,11.52,0.928,50.01,8.6325,69.06,4.7,139.8,1.7,3.1,17.1,62.1,0.0,2247.3
2026-03-24T07:01:00Z,231.86,2366.1,10.97,0.93,50.05,8.6719,69.38,4.3,138.4,1.3,3.3,18.5,0.0,0.0,2200.3
2026-03-24T07:02:00Z,232.64,2390.5,11.03,0.932,50.0,8.7118,69.69,4.1,154.5,1.4,3.1,18.0,0.0,0.0,2209.4
2026-03-24T07:03:00Z,232.31,2375.6,11.0,0.93,49.97,8.7514,70.01,4.7,137.5,1.8,3.0,20.0,0.0,0.0,2208.6
2026-03-24T07:04:00Z,231.88,2389.4,11.08,0.93,49.99,8.7912,70.33,4.3,148.5,1.8,2.5,18.5,0.0,0.0,2213.8
2026-03-24T07:05:00Z,232.73,2260.3,10.59,0.917,49.99,8.8288,70.63,4.3,10.6,1.6,3.1,18.3,0.0,0.0,2222.4
2026-03-24T07:06:00Z,233.23,2209.4,10.35,0.915,49.99,8.8657,70.93,4.9,9.4,1.4,3.2,19.3,0.0,0.0,2171.2
2026-03-24T07:07:00Z,231.55,2232.9,10.39,0.928,49.98,8.9029,71.22,4.8,9.8,1.4,3.0,19.2,0.0,0.0,2194.7
2026-03-24T07:08:00Z,233.18,2221.8,10.32,0.923,50.01,8.9399,71.52,5.0,9.8,1.2,3.2,18.3,0.0,0.0,2184.3
2026-03-24T07:09:00Z,232.94,2199.3,10.22,0.924,50.0,8.9766,71.81,4.0,9.7,1.3,2.7,17.2,0.0,0.0,2164.4
2026-03-24T07:10:00Z,232.38,2195.4,10.22,0.924,49.96,9.0132,72.11,4.1,13.2,1.3,2.9,20.0,0.0,0.0,2153.9
2026-03-24T07:11:00Z,233.11,2242.6,10.53,0.914,49.98,9.0505,72.4,4.4,9.5,1.3,3.4,18.0,0.0,0.0,2206.0
2026-03-24T07:12:00Z,231.96,2209.3,10.36,0.919,50.04,9.0874,72.7,4.3,13.6,1.5,2.9,18.5,0.0,0.0,2168.5
2026-03-24T07:13:00Z,233.02,2255.9,10.47,0.925,49.96,9.125,73.0,4.2,11.7,1.5,3.1,18.3,0.0,0.0,2217.1
2026-03-24T07:14:00Z,232.03,2240.8,10.35,0.933,49.96,9.1623,73.3,4.7,9.0,1.3,2.7,17.2,0.0,0.0,2205.9
2026-03-24T07:15:00Z,233.08,2250.2,10.49,0.92,49.99,9.1998,73.6,4.9,13.7,1.3,2.9,17.7,0.0,0.0,2209.7
2026-03-24T07:16:00Z,232.18,37.8,0.18,0.927,50.02,9.2004,73.6,4.4,11.7,1.3,3.2,17.2,0.0,0.0,0.0
2026-03-24T07:17:00Z,232.01,35.8,0.17,0.929,50.0,9.201,73.61,4.9,9.6,1.4,3.2,16.7,0.0,0.0,0.0
2026-03-24T07:18:00Z,232.59,41.1,0.19,0.915,50.04,9.2017,73.61,4.2,13.7,1.6,2.9,18.7,0.0,0.0,0.0
2026-03-24T07:19:00Z,232.48,40.6,0.19,0.923,49.98,9.2024,73.62,4.2,13.8,1.3,3.3,18.0,0.0,0.0,0.0
2026-03-24T07:20:00Z,232.67,38.1,0.18,0.931,50.0,9.203,73.62,4.7,9.9,1.7,3.0,18.8,0.0,0.0,0.0
2026-03-24T07:21:00Z,231.69,37.6,0.18,0.925,50.03,9.2037,73.63,4.4,9.2,1.7,2.8,19.5,0.0,0.0,0.0
2026-03-24T07:22:00Z,231.7,40.8,0.19,0.93,49.96,9.2043,73.63,5.0,12.7,1.4,3.2,18.5,0.0,0.0,0.0
2026-03-24T07:23:00Z,232.63,37.7,0.17,0.934,50.02,9.205,73.64,4.7,10.7,1.8,2.6,17.9,0.0,0.0,0.0
2026-03-24T07:24:00Z,231.65,39.4,0.19,0.918,49.97,9.2056,73.64,4.2,11.0,1.7,3.0,19.5,0.0,0.0,0.0
2026-03-24T07:25:00Z,232.59,34.0,0.16,0.917,49.99,9.2062,73.65,4.1,9.0,1.2,2.7,17.0,0.0,0.0,0.0
2026-03-24T07:26:00Z,233.08,39.2,0.18,0.923,49.99,9.2068,73.65,4.2,12.9,1.6,3.0,17.5,0.0,0.0,0.0
2026-03-24T07:27:00Z,231.46,36.1,0.17,0.934,49.97,9.2074,73.66,4.6,10.4,1.2,3.0,16.9,0.0,0.0,0.0
2026-03-24T07:28:00Z,231.56,38.2,0.18,0.93,50.04,9.2081,73.66,4.2,10.5,1.6,3.4,18.5,0.0,0.0,0.0
2026-03-24T07:29:00Z,233.14,39.9,0.19,0.923,49.96,9.2087,73.67,4.9,12.1,1.5,3.1,18.3,0.0,0.0,0.0
2026-03-24T07:30:00Z,232.64,163.8,0.77,0.92,50.01,9.2115,73.69,4.1,138.4,1.6,3.4,16.3,0.0,0.0,0.0
2026-03-24T07:31:00Z,231.59,158.6,0.75,0.919,49.97,9.2141,73.71,4.7,149.3,1.4,3.2,0.0,0.0,0.0,0.0
2026-03-24T07:32:00Z,232.12,148.7,0.69,0.928,50.03,9.2166,73.73,4.6,139.4,1.4,3.3,0.0,0.0,0.0,0.0
2026-03-24T07:33:00Z,233.05,146.8,0.68,0.925,49.98,9.219,73.75,4.6,137.5,1.4,3.3,0.0,0.0,0.0,0.0
2026-03-24T07:34:00Z,232.78,159.0,0.74,0.918,50.0,9.2217,73.77,4.5,149.7,1.7,3.1,0.0,0.0,0.0,0.0
2026-03-24T07:35:00Z,231.55,155.0,0.72,0.927,50.02,9.2243,73.79,4.9,145.5,1.6,3.0,0.0,0.0,0.0,0.0
2026-03-24T07:36:00Z,232.62,147.3,0.69,0.919,50.0,9.2267,73.81,4.5,138.0,1.4,3.4,0.0,0.0,0.0,0.0
2026-03-24T07:37:00Z,231.29,149.0,0.7,0.922,49.97,9.2292,73.83,4.8,139.9,1.8,2.5,0.0,0.0,0.0,0.0
2026-03-24T07:38:00Z,232.51,159.9,0.75,0.922,49.96,9.2319,73.86,4.2,151.3,1.3,3.1,0.0,0.0,0.0,0.0
2026-03-24T07:39:00Z,233.24,159.2,0.74,0.922,50.02,9.2345,73.88,4.9,150.4,1.3,2.6,0.0,0.0,0.0,0.0
2026-03-24T07:40:00Z,232.77,156.7,0.72,0.93,49.96,9.2371,73.9,4.6,147.7,1.6,2.8,0.0,0.0,0.0,0.0
2026-03-24T07:41:00Z,231.93,157.0,0.74,0.918,49.96,9.2398,73.92,4.8,147.5,1.6,3.1,0.0,0.0,0.0,0.0
2026-03-24T07:42:00Z,232.37,155.8,0.72,0.931,49.99,9.2424,73.94,5.0,146.0,1.5,3.3,0.0,0.0,0.0,0.0
2026-03-24T07:43:00Z,232.35,163.4,0.76,0.925,49.97,9.2451,73.96,4.6,154.3,1.8,2.7,0.0,0.0,0.0,0.0
2026-03-24T07:44:00Z,232.29,153.7,0.71,0.93,50.05,9.2476,73.98,4.7,144.5,1.3,3.2,0.0,0.0,0.0,0.0
2026-03-24T07:45:00Z,232.73,154.0,0.72,0.919,50.03,9.2502,74.0,4.3,144.9,1.7,3.1,0.0,0.0,0.0,0.0
2026-03-24T07:46:00Z,233.19,151.4,0.7,0.932,49.96,9.2527,74.02,4.6,142.4,1.3,3.1,0.0,0.0,0.0,0.0
2026-03-24T07:47:00Z,231.43,147.7,0.69,0.931,50.04,9.2552,74.04,4.0,139.7,1.2,2.8,0.0,0.0,0.0,0.0
2026-03-24T07:48:00Z,232.51,163.0,0.75,0.933,49.96,9.2579,74.06,4.6,154.2,1.7,2.5,0.0,0.0,0.0,0.0
2026-03-24T07:49:00Z,232.33,163.8,0.76,0.933,49.99,9.2606,74.09,4.8,154.5,1.5,3.0,0.0,0.0,0.0,0.0
2026-03-24T07:50:00Z,231.77,21.1,0.1,0.928,50.03,9.261,74.09,4.3,12.3,1.7,2.8,0.0,0.0,0.0,0.0
2026-03-24T07:51:00Z,231.47,20.8,0.1,0.924,49.99,9.2613,74.09,4.7,11.4,1.7,3.0,0.0,0.0,0.0,0.0
2026-03-24T07:52:00Z,232.81,20.5,0.09,0.937,50.0,9.2617,74.09,4.8,11.2,1.2,3.3,0.0,0.0,0.0,0.0
2026-03-24T07:53:00Z,232.77,17.8,0.08,0.935,49.98,9.262,74.1,4.6,9.1,1.4,2.7,0.0,0.0,0.0,0.0
2026-03-24T07:54:00Z,231.21,22.1,0.1,0.922,49.97,9.2623,74.1,4.6,13.3,1.5,2.7,0.0,0.0,0.0,0.0
2026-03-24T07:55:00Z,232.04,18.3,0.09,0.922,50.0,9.2627,74.1,4.8,9.5,1.5,2.5,0.0,0.0,0.0,0.0
2026-03-24T07:56:00Z,231.8,20.6,0.1,0.931,49.97,9.263,74.1,4.7,11.3,1.6,3.0,0.0,0.0,0.0,0.0
2026-03-24T07:57:00Z,231.56,22.7,0.11,0.933,49.96,9.2634,74.11,4.5,13.3,1.4,3.5,0.0,0.0,0.0,0.0
2026-03-24T07:58:00Z,232.85,18.2,0.08,0.935,50.02,9.2637,74.11,4.7,9.6,1.3,2.6,0.0,0.0,0.0,0.0
2026-03-24T07:59:00Z,233.15,20.9,0.1,0.939,50.05,9.264,74.11,4.9,11.8,1.5,2.7,0.0,0.0,0.0,0.0
2026-03-24T08:00:00Z,233.12,430.6,1.97,0.938,49.95,9.2712,74.17,4.5,13.3,1.6,3.4,0.0,0.0,407.8,0.0
2026-03-24T08:01:00Z,232.32,683.8,3.18,0.927,49.99,9.2826,74.26,4.4,11.2,1.5,3.1,0.0,0.0,663.6,0.0
2026-03-24T08:02:00Z,231.79,529.5,2.47,0.923,50.05,9.2914,74.33,4.1,11.3,1.2,2.7,0.0,0.0,510.2,0.0
2026-03-24T08:03:00Z,232.18,613.0,2.83,0.934,49.96,9.3016,74.41,4.2,11.6,1.7,3.1,0.0,0.0,592.4,0.0
2026-03-24T08:04:00Z,232.18,565.5,2.64,0.922,49.96,9.3111,74.49,4.0,13.7,1.5,3.4,0.0,0.0,542.9,0.0
2026-03-24T08:05:00Z,231.42,692.9,3.19,0.94,50.0,9.3226,74.58,4.2,13.7,1.6,2.9,0.0,0.0,670.5,0.0
2026-03-24T08:06:00Z,231.9,371.5,1.72,0.934,50.03,9.3288,74.63,4.5,11.9,1.4,2.5,0.0,0.0,351.2,0.0
2026-03-24T08:07:00Z,231.83,364.8,1.7,0.925,49.97,9.3349,74.68,4.2,9.2,1.4,2.8,0.0,0.0,347.2,0.0
2026-03-24T08:08:00Z,232.16,556.2,2.6,0.923,50.0,9.3442,74.75,4.9,14.0,1.5,3.0,0.0,0.0,532.8,0.0
2026-03-24T08:09:00Z,231.69,648.6,2.97,0.941,49.96,9.355,74.84,4.5,9.0,1.4,2.7,0.0,0.0,631.0,0.0
2026-03-24T08:10:00Z,232.22,464.8,2.13,0.938,49.99,9.3627,74.9,4.8,12.3,1.7,2.5,0.0,0.0,443.5,0.0
2026-03-24T08:11:00Z,232.28,635.1,2.92,0.936,50.02,9.3733,74.99,5.0,11.0,1.8,2.7,0.0,0.0,614.6,0.0
2026-03-24T08:12:00Z,231.31,501.3,2.31,0.937,50.01,9.3817,75.05,4.8,9.2,1.8,2.6,0.0,0.0,482.9,0.0
2026-03-24T08:13:00Z,231.81,653.8,3.03,0.931,49.99,9.3926,75.14,4.6,10.0,1.2,2.7,0.0,0.0,635.3,0.0
2026-03-24T08:14:00Z,231.52,594.9,2.76,0.93,50.04,9.4025,75.22,4.4,10.1,1.5,3.4,0.0,0.0,575.5,0.0
2026-03-24T08:15:00Z,233.07,814.6,3.71,0.942,50.04,9.416,75.33,4.2,151.4,1.7,2.9,0.0,0.0,654.4,0.0
2026-03-24T08:16:00Z,232.9,475.2,2.21,0.923,49.95,9.424,75.39,4.4,137.8,1.3,3.5,0.0,0.0,328.2,0.0
2026-03-24T08:17:00Z,231.12,662.6,3.05,0.941,50.01,9.435,75.48,4.3,144.5,1.7,2.8,0.0,0.0,509.3,0.0
2026-03-24T08:18:00Z,233.04,643.5,2.99,0.925,49.97,9.4457,75.57,4.5,138.4,1.7,2.6,0.0,0.0,496.3,0.0
2026-03-24T08:19:00Z,231.93,815.2,3.77,0.932,50.0,9.4593,75.67,4.3,149.4,1.5,3.0,0.0,0.0,657.0,0.0
2026-03-24T08:20:00Z,231.54,616.4,2.82,0.943,50.02,9.4696,75.76,4.9,152.9,1.8,3.3,0.0,0.0,453.5,0.0
2026-03-24T08:21:00Z,231.1,679.1,3.17,0.927,49.97,9.4809,75.85,4.5,147.1,1.2,3.2,0.0,0.0,523.1,0.0
2026-03-24T08:22:00Z,231.19,500.5,2.34,0.926,50.02,9.4893,75.91,4.0,135.9,1.7,3.2,0.0,0.0,355.7,0.0
2026-03-24T08:23:00Z,231.06,660.2,3.05,0.938,49.96,9.5003,76.0,4.5,140.5,1.6,3.2,0.0,0.0,510.4,0.0
2026-03-24T08:24:00Z,231.28,611.5,2.86,0.925,50.0,9.5104,76.08,4.3,135.8,1.5,3.3,0.0,0.0,466.6,0.0
2026-03-24T08:25:00Z,232.81,771.1,3.53,0.937,49.96,9.5233,76.19,4.5,143.3,1.8,3.3,0.0,0.0,618.2,0.0
2026-03-24T08:26:00Z,231.98,599.3,2.76,0.935,49.99,9.5333,76.27,4.0,137.9,1.7,3.3,0.0,0.0,452.4,0.0
2026-03-24T08:27:00Z,231.62,803.0,3.69,0.939,49.96,9.5467,76.37,4.6,137.5,1.8,3.4,0.0,0.0,655.7,0.0
2026-03-24T08:28:00Z,232.59,508.8,2.35,0.932,49.99,9.5551,76.44,4.7,143.5,1.8,3.0,0.0,0.0,355.8,0.0
2026-03-24T08:29:00Z,232.97,585.3,2.67,0.942,50.0,9.5649,76.52,4.8,154.7,1.5,3.1,0.0,0.0,421.2,0.0
2026-03-24T08:30:00Z,231.39,800.9,3.72,0.93,50.03,9.5783,76.63,4.5,153.6,1.6,2.9,0.0,0.0,638.3,0.0
2026-03-24T08:31:00Z,231.08,784.5,3.61,0.94,50.03,9.5913,76.73,4.6,153.2,1.2,3.0,0.0,0.0,622.5,0.0
2026-03-24T08:32:00Z,232.19,624.6,2.91,0.926,50.04,9.6017,76.81,4.3,153.3,1.7,2.9,0.0,0.0,462.4,0.0
2026-03-24T08:33:00Z,232.57,772.6,3.58,0.929,50.05,9.6146,76.92,4.6,150.1,1.5,3.0,0.0,0.0,613.4,0.0
2026-03-24T08:34:00Z,231.57,570.0,2.61,0.944,49.99,9.6241,76.99,4.7,139.8,1.2,2.9,0.0,0.0,421.4,0.0
2026-03-24T08:35:00Z,232.05,468.6,2.16,0.937,49.98,9.6319,77.06,4.6,13.9,1.3,2.8,0.0,0.0,446.0,0.0
2026-03-24T08:36:00Z,232.03,531.8,2.46,0.932,50.04,9.6408,77.13,4.3,9.4,1.6,3.3,0.0,0.0,513.2,0.0
2026-03-24T08:37:00Z,231.43,547.6,2.5,0.946,49.95,9.6499,77.2,4.4,10.5,1.4,3.3,0.0,0.0,528.0,0.0
2026-03-24T08:38:00Z,231.23,566.5,2.62,0.935,50.0,9.6594,77.27,4.4,10.7,1.5,2.9,0.0,0.0,547.0,0.0
2026-03-24T08:39:00Z,230.96,634.9,2.91,0.946,50.01,9.6699,77.36,4.9,13.7,1.7,3.3,0.0,0.0,611.3,0.0
2026-03-24T08:40:00Z,232.71,507.4,2.32,0.94,49.98,9.6784,77.43,4.4,13.5,1.7,2.8,0.0,0.0,485.0,0.0
2026-03-24T08:41:00Z,232.33,567.1,2.6,0.939,50.01,9.6878,77.5,4.8,13.5,1.2,3.5,0.0,0.0,544.1,0.0
2026-03-24T08:42:00Z,231.43,586.1,2.72,0.93,49.95,9.6976,77.58,4.4,12.6,1.6,2.6,0.0,0.0,564.9,0.0
2026-03-24T08:43:00Z,232.23,502.0,2.32,0.931,49.97,9.706,77.65,4.8,11.6,1.3,3.4,0.0,0.0,480.9,0.0
2026-03-24T08:44:00Z,230.98,670.9,3.1,0.936,50.01,9.7172,77.74,5.0,12.7,1.6,2.8,0.0,0.0,648.8,0.0
2026-03-24T08:45:00Z,230.91,373.5,1.74,0.93,49.97,9.7234,77.79,4.6,9.2,1.3,3.0,0.0,0.0,355.4,0.0
2026-03-24T08:46:00Z,232.85,446.7,2.05,0.934,50.0,9.7308,77.85,4.2,11.1,1.6,3.3,0.0,0.0,426.5,0.0
2026-03-24T08:47:00Z,231.01,425.7,1.96,0.94,49.99,9.7379,77.9,4.0,11.9,1.2,2.6,0.0,0.0,406.0,0.0
2026-03-24T08:48:00Z,231.82,353.5,1.64,0.93,49.99,9.7438,77.95,4.4,12.1,1.4,2.6,0.0,0.0,333.0,0.0
2026-03-24T08:49:00Z,231.07,362.4,1.67,0.941,50.04,9.7499,78.0,4.9,13.9,1.6,3.0,0.0,0.0,339.0,0.0
2026-03-24T08:50:00Z,231.5,460.0,2.11,0.943,50.04,9.7575,78.06,4.5,12.9,1.6,2.6,0.0,0.0,438.4,0.0
2026-03-24T08:51:00Z,232.48,390.9,1.8,0.936,49.99,9.764,78.11,4.5,14.0,1.6,2.7,0.0,0.0,368.1,0.0
2026-03-24T08:52:00Z,231.3,415.0,1.92,0.936,50.02,9.771,78.17,4.4,13.1,1.5,3.5,0.0,0.0,392.5,0.0
2026-03-24T08:53:00Z,232.54,417.3,1.9,0.944,50.05,9.7779,78.22,4.5,9.9,1.6,2.7,0.0,0.0,398.6,0.0
2026-03-24T08:54:00Z,232.35,444.8,2.04,0.94,50.02,9.7853,78.28,4.1,12.0,1.6,2.9,0.0,0.0,424.2,0.0
2026-03-24T08:55:00Z,231.11,575.1,2.66,0.936,49.98,9.7949,78.36,4.2,13.5,1.5,2.9,0.0,0.0,553.0,0.0
2026-03-24T08:56:00Z,232.5,607.8,2.77,0.943,49.96,9.805,78.44,4.9,9.0,1.3,3.4,0.0,0.0,589.2,0.0
2026-03-24T08:57:00Z,231.77,347.6,1.61,0.931,50.04,9.8108,78.49,4.8,10.2,1.2,3.1,0.0,0.0,328.3,0.0
2026-03-24T08:58:00Z,231.99,650.0,2.99,0.936,49.96,9.8217,78.57,4.1,11.0,1.5,3.5,0.0,0.0,629.9,0.0
2026-03-24T08:59:00Z,231.58,468.4,2.13,0.95,50.0,9.8295,78.64,4.6,12.3,1.3,2.6,0.0,0.0,447.6,0.0
2026-03-24T09:00:00Z,232.72,778.2,3.57,0.937,50.04,9.8424,78.74,4.2,136.2,1.7,3.5,0.0,0.0,632.6,0.0
2026-03-24T09:01:00Z,232.25,158.3,0.72,0.948,50.04,9.8451,78.76,4.6,148.7,1.7,3.3,0.0,0.0,0.0,0.0
2026-03-24T09:02:00Z,232.09,148.5,0.68,0.94,50.04,9.8476,78.78,4.9,139.5,1.5,2.6,0.0,0.0,0.0,0.0
2026-03-24T09:03:00Z,232.2,158.0,0.72,0.948,49.95,9.8502,78.8,4.4,149.4,1.6,2.6,0.0,0.0,0.0,0.0
2026-03-24T09:04:00Z,232.13,155.3,0.71,0.945,50.0,9.8528,78.82,4.1,147.5,1.2,2.5,0.0,0.0,0.0,0.0
2026-03-24T09:05:00Z,232.01,162.6,0.74,0.943,50.01,9.8555,78.84,4.2,154.0,1.6,2.8,0.0,0.0,0.0,0.0
2026-03-24T09:06:00Z,232.32,152.1,0.69,0.946,50.05,9.858,78.86,4.8,142.7,1.6,3.0,0.0,0.0,0.0,0.0
2026-03-24T09:07:00Z,232.17,150.4,0.7,0.932,49.98,9.8605,78.88,4.0,141.7,1.4,3.3,0.0,0.0,0.0,0.0
2026-03-24T09:08:00Z,231.08,149.7,0.68,0.947,50.03,9.863,78.9,4.4,140.7,1.5,3.1,0.0,0.0,0.0,0.0
2026-03-24T09:09:00Z,232.24,145.8,0.66,0.951,49.98,9.8655,78.92,4.9,136.2,1.8,2.9,0.0,0.0,0.0,0.0
2026-03-24T09:10:00Z,231.48,154.0,0.71,0.937,50.02,9.868,78.94,4.8,144.5,1.3,3.4,0.0,0.0,0.0,0.0
2026-03-24T09:11:00Z,231.48,163.6,0.75,0.948,50.0,9.8708,78.97,4.9,154.0,1.6,3.1,0.0,0.0,0.0,0.0
2026-03-24T09:12:00Z,231.91,156.8,0.72,0.939,49.96,9.8734,78.99,4.7,147.1,1.6,3.4,0.0,0.0,0.0,0.0
2026-03-24T09:13:00Z,230.9,159.7,0.74,0.937,50.03,9.876,79.01,4.9,149.9,1.8,3.1,0.0,0.0,0.0,0.0
2026-03-24T09:14:00Z,231.56,148.6,0.67,0.952,50.0,9.8785,79.03,4.3,140.0,1.7,2.6,0.0,0.0,0.0,0.0
2026-03-24T09:15:00Z,232.02,153.5,0.7,0.943,49.95,9.8811,79.05,4.3,144.9,1.4,2.9,0.0,0.0,0.0,0.0
2026-03-24T09:16:00Z,231.45,147.4,0.67,0.951,49.97,9.8835,79.07,4.3,138.3,1.8,3.0,0.0,0.0,0.0,0.0
2026-03-24T09:17:00Z,230.68,152.8,0.7,0.947,50.01,9.8861,79.09,4.1,144.7,1.3,2.7,0.0,0.0,0.0,0.0
2026-03-24T09:18:00Z,231.62,155.5,0.71,0.95,50.05,9.8887,79.11,4.2,146.4,1.7,3.2,0.0,0.0,0.0,0.0
2026-03-24T09:19:00Z,232.4,163.8,0.74,0.95,49.99,9.8914,79.13,4.9,154.0,1.5,3.4,0.0,0.0,0.0,0.0
2026-03-24T09:20:00Z,232.43,19.9,0.09,0.952,49.97,9.8917,79.13,4.1,11.4,1.8,2.6,0.0,0.0,0.0,0.0
2026-03-24T09:21:00Z,230.81,20.8,0.1,0.946,50.01,9.8921,79.14,4.6,11.9,1.3,3.0,0.0,0.0,0.0,0.0
2026-03-24T09:22:00Z,231.78,18.1,0.08,0.941,50.03,9.8924,79.14,4.4,9.7,1.4,2.6,0.0,0.0,0.0,0.0
2026-03-24T09:23:00Z,230.93,18.6,0.08,0.949,50.04,9.8927,79.14,4.3,9.5,1.3,3.5,0.0,0.0,0.0,0.0
2026-03-24T09:24:00Z,232.05,20.0,0.09,0.94,50.0,9.893,79.14,4.3,11.0,1.4,3.3,0.0,0.0,0.0,0.0
2026-03-24T09:25:00Z,232.31,20.3,0.09,0.952,50.04,9.8933,79.15,4.8,11.1,1.3,3.1,0.0,0.0,0.0,0.0
2026-03-24T09:26:00Z,232.01,18.5,0.08,0.941,50.04,9.8937,79.15,4.3,9.9,1.6,2.7,0.0,0.0,0.0,0.0
2026-03-24T09:27:00Z,232.25,22.5,0.1,0.948,49.97,9.894,79.15,4.7,13.8,1.4,2.6,0.0,0.0,0.0,0.0
2026-03-24T09:28:00Z,231.87,18.4,0.08,0.941,49.98,9.8943,79.15,4.0,9.9,1.5,3.0,0.0,0.0,0.0,0.0
2026-03-24T09:29:00Z,231.58,21.9,0.1,0.95,49.96,9.8947,79.16,4.0,13.9,1.3,2.7,0.0,0.0,0.0,0.0
2026-03-24T09:30:00Z,230.74,182.2,0.84,0.945,49.96,9.8977,79.18,4.7,12.7,1.4,163.4,0.0,0.0,0.0,0.0
2026-03-24T09:31:00Z,231.06,206.6,0.94,0.952,49.99,9.9012,79.21,4.1,13.8,1.4,187.3,0.0,0.0,0.0,0.0
2026-03-24T09:32:00Z,230.67,223.5,1.02,0.95,50.0,9.9049,79.24,4.8,9.1,1.6,208.0,0.0,0.0,0.0,0.0
2026-03-24T09:33:00Z,230.97,177.0,0.81,0.943,50.0,9.9079,79.26,4.0,12.8,1.2,159.0,0.0,0.0,0.0,0.0
2026-03-24T09:34:00Z,232.25,234.9,1.06,0.955,50.05,9.9118,79.29,4.8,10.9,1.6,217.6,0.0,0.0,0.0,0.0
2026-03-24T09:35:00Z,231.58,167.0,0.75,0.956,50.02,9.9146,79.32,4.5,11.7,1.7,149.1,0.0,0.0,0.0,0.0
2026-03-24T09:36:00Z,230.76,155.8,0.72,0.937,49.97,9.9172,79.34,4.5,9.0,1.5,140.8,0.0,0.0,0.0,0.0
2026-03-24T09:37:00Z,231.86,224.2,1.02,0.944,49.98,9.9209,79.37,4.1,10.0,1.8,208.3,0.0,0.0,0.0,0.0
2026-03-24T09:38:00Z,230.7,220.8,1.02,0.94,49.96,9.9246,79.4,4.3,10.7,1.8,204.0,0.0,0.0,0.0,0.0
2026-03-24T09:39:00Z,231.38,244.9,1.12,0.942,49.98,9.9287,79.43,4.9,11.5,1.7,226.8,0.0,0.0,0.0,0.0
2026-03-24T09:40:00Z,232.28,274.5,1.25,0.948,49.97,9.9332,79.47,4.9,13.5,1.7,254.4,0.0,0.0,0.0,0.0
2026-03-24T09:41:00Z,231.59,221.0,1.01,0.949,49.96,9.9369,79.5,4.3,13.2,1.3,202.2,0.0,0.0,0.0,0.0
2026-03-24T09:42:00Z,230.83,176.0,0.8,0.948,50.03,9.9398,79.52,5.0,10.2,1.4,159.4,0.0,0.0,0.0,0.0
2026-03-24T09:43:00Z,231.9,192.5,0.88,0.943,49.98,9.9431,79.54,5.0,13.7,1.5,172.3,0.0,0.0,0.0,0.0
2026-03-24T09:44:00Z,230.99,270.8,1.24,0.945,49.98,9.9476,79.58,4.0,9.3,1.7,255.8,0.0,0.0,0.0,0.0
2026-03-24T09:45:00Z,231.08,288.3,1.32,0.945,49.96,9.9524,79.62,4.4,140.3,1.7,141.9,0.0,0.0,0.0,0.0
2026-03-24T09:46:00Z,231.15,377.7,1.74,0.941,49.97,9.9587,79.67,4.6,139.7,1.3,232.1,0.0,0.0,0.0,0.0
2026-03-24T09:47:00Z,230.57,331.1,1.51,0.948,49.98,9.9642,79.71,4.8,146.3,1.5,178.5,0.0,0.0,0.0,0.0
2026-03-24T09:48:00Z,231.91,408.1,1.86,0.946,50.02,9.971,79.77,4.8,149.6,1.3,252.4,0.0,0.0,0.0,0.0
2026-03-24T09:49:00Z,230.96,312.1,1.42,0.951,50.03,9.9762,79.81,4.8,148.5,1.4,157.4,0.0,0.0,0.0,0.0
2026-03-24T09:50:00Z,232.2,393.3,1.79,0.948,49.99,9.9827,79.86,4.5,138.9,1.5,248.4,0.0,0.0,0.0,0.0
2026-03-24T09:51:00Z,232.2,394.1,1.78,0.952,50.02,9.9893,79.91,4.3,154.6,1.4,233.8,0.0,0.0,0.0,0.0
2026-03-24T09:52:00Z,231.11,315.4,1.44,0.951,49.98,9.9946,79.96,5.0,154.6,1.2,154.6,0.0,0.0,0.0,0.0
2026-03-24T09:53:00Z,231.7,398.4,1.83,0.942,49.99,10.0012,80.01,4.2,137.4,1.4,255.4,0.0,0.0,0.0,0.0
2026-03-24T09:54:00Z,230.93,361.5,1.65,0.948,50.0,10.0072,80.06,4.8,143.1,1.3,212.3,0.0,0.0,0.0,0.0
2026-03-24T09:55:00Z,230.74,323.9,1.47,0.956,49.96,10.0126,80.1,5.0,137.6,1.3,180.0,0.0,0.0,0.0,0.0
2026-03-24T09:56:00Z,231.27,351.7,1.6,0.953,49.98,10.0185,80.15,4.9,143.7,1.3,201.8,0.0,0.0,0.0,0.0
2026-03-24T09:57:00Z,230.68,337.4,1.54,0.949,50.0,10.0241,80.19,4.9,146.2,1.5,184.8,0.0,0.0,0.0,0.0
2026-03-24T09:58:00Z,232.05,323.4,1.47,0.95,49.96,10.0295,80.24,4.1,152.3,1.3,165.7,0.0,0.0,0.0,0.0
2026-03-24T09:59:00Z,231.03,293.2,1.35,0.943,50.01,10.0344,80.28,4.6,146.1,1.7,140.8,0.0,0.0,0.0,0.0
2026-03-24T10:00:00Z,231.78,333.6,1.5,0.959,50.04,10.04,80.32,4.3,153.3,1.4,174.6,0.0,0.0,0.0,0.0
2026-03-24T10:01:00Z,231.29,335.2,1.52,0.956,49.98,10.0455,80.36,4.1,148.2,1.5,181.4,0.0,0.0,0.0,0.0
2026-03-24T10:02:00Z,231.57,383.9,1.74,0.952,50.0,10.0519,80.42,4.1,153.0,1.8,225.0,0.0,0.0,0.0,0.0
2026-03-24T10:03:00Z,231.33,367.1,1.67,0.95,50.02,10.0581,80.46,4.2,152.6,1.4,208.9,0.0,0.0,0.0,0.0
2026-03-24T10:04:00Z,231.41,304.2,1.4,0.942,49.97,10.0631,80.5,4.6,153.9,1.6,144.1,0.0,0.0,0.0,0.0
2026-03-24T10:05:00Z,231.85,242.5,1.11,0.943,49.98,10.0672,80.54,4.1,9.0,1.3,228.1,0.0,0.0,0.0,0.0
2026-03-24T10:06:00Z,231.22,232.3,1.05,0.961,50.01,10.071,80.57,4.4,11.8,1.7,214.4,0.0,0.0,0.0,0.0
2026-03-24T10:07:00Z,231.23,211.6,0.96,0.956,49.98,10.0746,80.6,4.1,12.7,1.2,193.6,0.0,0.0,0.0,0.0
2026-03-24T10:08:00Z,230.31,225.1,1.02,0.959,50.01,10.0783,80.63,4.0,13.9,1.3,205.9,0.0,0.0,0.0,0.0
2026-03-24T10:09:00Z,231.26,272.8,1.25,0.945,50.0,10.0829,80.66,4.7,10.1,1.2,256.8,0.0,0.0,0.0,0.0
2026-03-24T10:10:00Z,231.04,227.9,1.03,0.961,49.96,10.0867,80.69,4.8,10.1,1.5,211.5,0.0,0.0,0.0,0.0
2026-03-24T10:11:00Z,230.25,176.9,0.81,0.943,50.04,10.0896,80.72,4.0,12.6,1.3,159.0,0.0,0.0,0.0,0.0
2026-03-24T10:12:00Z,231.0,206.8,0.95,0.946,49.99,10.0931,80.74,4.7,10.8,1.8,189.5,0.0,0.0,0.0,0.0
2026-03-24T10:13:00Z,231.36,163.3,0.73,0.961,50.02,10.0958,80.77,4.1,9.9,1.2,148.1,0.0,0.0,0.0,0.0
2026-03-24T10:14:00Z,231.99,258.3,1.17,0.954,50.02,10.1001,80.8,4.4,10.9,1.5,241.5,0.0,0.0,0.0,0.0
2026-03-24T10:15:00Z,230.84,161.5,0.74,0.949,50.01,10.1028,80.82,4.9,11.5,1.5,143.6,0.0,0.0,0.0,0.0
2026-03-24T10:16:00Z,230.7,267.0,1.22,0.951,49.97,10.1072,80.86,4.8,11.3,1.2,249.7,0.0,0.0,0.0,0.0
2026-03-24T10:17:00Z,230.53,245.6,1.12,0.955,50.04,10.1113,80.89,4.0,11.6,1.7,228.3,0.0,0.0,0.0,0.0
2026-03-24T10:18:00Z,231.53,187.9,0.84,0.961,50.05,10.1144,80.92,4.6,10.1,1.3,171.9,0.0,0.0,0.0,0.0
2026-03-24T10:19:00Z,230.39,163.9,0.75,0.949,49.95,10.1172,80.94,5.0,13.1,1.8,144.0,0.0,0.0,0.0,0.0
2026-03-24T10:20:00Z,230.35,262.2,1.19,0.958,49.98,10.1216,80.97,4.3,10.6,1.8,245.5,0.0,0.0,0.0,0.0
2026-03-24T10:21:00Z,230.85,233.9,1.06,0.956,49.98,10.1254,81.0,4.3,9.6,1.3,218.7,0.0,0.0,0.0,0.0
2026-03-24T10:22:00Z,230.84,167.1,0.76,0.956,50.02,10.1282,81.03,4.6,12.4,1.7,148.4,0.0,0.0,0.0,0.0
2026-03-24T10:23:00Z,230.8,170.8,0.78,0.95,50.03,10.1311,81.05,4.1,11.3,1.2,154.2,0.0,0.0,0.0,0.0
2026-03-24T10:24:00Z,231.19,164.1,0.75,0.944,49.99,10.1338,81.07,4.9,9.6,1.7,147.9,0.0,0.0,0.0,0.0
2026-03-24T10:25:00Z,230.52,230.1,1.05,0.95,49.97,10.1377,81.1,4.5,11.4,1.8,212.4,0.0,0.0,0.0,0.0
2026-03-24T10:26:00Z,231.33,211.1,0.95,0.956,49.97,10.1412,81.13,4.3,9.6,1.4,195.8,0.0,0.0,0.0,0.0
2026-03-24T10:27:00Z,231.3,184.5,0.84,0.948,49.98,10.1442,81.15,4.7,9.7,1.3,168.8,0.0,0.0,0.0,0.0
2026-03-24T10:28:00Z,231.74,202.4,0.92,0.95,50.02,10.1476,81.18,4.4,12.6,1.4,184.0,0.0,0.0,0.0,0.0
2026-03-24T10:29:00Z,230.71,250.5,1.15,0.946,50.0,10.1518,81.21,5.0,9.7,1.6,234.2,0.0,0.0,0.0,0.0
2026-03-24T10:30:00Z,230.61,354.3,1.6,0.959,49.97,10.1577,81.26,4.8,137.4,1.5,210.6,0.0,0.0,0.0,0.0
2026-03-24T10:31:00Z,230.77,304.8,1.37,0.962,50.03,10.1628,81.3,4.2,139.7,1.4,159.5,0.0,0.0,0.0,0.0
2026-03-24T10:32:00Z,231.14,318.1,1.46,0.945,49.99,10.1681,81.34,4.3,137.1,1.3,175.4,0.0,0.0,0.0,0.0
2026-03-24T10:33:00Z,230.9,310.1,1.39,0.963,49.99,10.1732,81.39,4.1,150.5,1.6,153.9,0.0,0.0,0.0,0.0
2026-03-24T10:34:00Z,231.58,372.4,1.7,0.947,50.01,10.1795,81.44,4.3,151.9,1.8,214.4,0.0,0.0,0.0,0.0
2026-03-24T10:35:00Z,230.26,335.3,1.51,0.964,50.02,10.185,81.48,4.4,143.4,1.5,186.0,0.0,0.0,0.0,0.0
2026-03-24T10:36:00Z,230.14,363.2,1.65,0.958,50.01,10.1911,81.53,4.4,152.0,1.3,205.5,0.0,0.0,0.0,0.0
2026-03-24T10:37:00Z,230.71,333.3,1.51,0.958,50.0,10.1967,81.57,4.2,146.5,1.6,181.0,0.0,0.0,0.0,0.0
2026-03-24T10:38:00Z,230.69,327.7,1.48,0.962,50.05,10.2021,81.62,4.7,149.0,1.6,172.4,0.0,0.0,0.0,0.0
2026-03-24T10:39:00Z,231.56,332.9,1.52,0.946,50.03,10.2077,81.66,4.5,136.1,1.4,190.9,0.0,0.0,0.0,0.0
2026-03-24T10:40:00Z,229.87,410.3,1.87,0.954,49.97,10.2145,81.72,4.5,149.0,1.8,255.0,0.0,0.0,0.0,0.0
2026-03-24T10:41:00Z,231.11,336.9,1.53,0.954,50.03,10.2201,81.76,4.6,136.4,1.6,194.3,0.0,0.0,0.0,0.0
2026-03-24T10:42:00Z,231.07,395.5,1.78,0.961,49.98,10.2267,81.81,4.1,151.5,1.2,238.7,0.0,0.0,0.0,0.0
2026-03-24T10:43:00Z,231.58,381.8,1.73,0.954,49.97,10.2331,81.86,4.9,144.8,1.6,230.5,0.0,0.0,0.0,0.0
2026-03-24T10:44:00Z,230.74,350.1,1.6,0.95,49.98,10.2389,81.91,4.6,141.3,1.5,202.7,0.0,0.0,0.0,0.0
2026-03-24T10:45:00Z,230.68,310.0,1.41,0.951,50.04,10.2441,81.95,4.2,151.9,1.7,152.2,0.0,0.0,0.0,0.0
2026-03-24T10:46:00Z,231.72,368.2,1.67,0.95,50.04,10.2502,82.0,4.4,136.7,1.6,225.5,0.0,0.0,0.0,0.0
2026-03-24T10:47:00Z,230.35,333.0,1.52,0.948,49.97,10.2558,82.05,4.1,142.8,1.4,184.7,0.0,0.0,0.0,0.0
2026-03-24T10:48:00Z,230.86,295.6,1.35,0.949,50.05,10.2607,82.09,4.8,135.1,1.6,154.1,0.0,0.0,0.0,0.0
2026-03-24T10:49:00Z,229.82,368.8,1.69,0.951,49.97,10.2668,82.13,4.6,142.7,1.8,219.7,0.0,0.0,0.0,0.0
2026-03-24T10:50:00Z,231.22,172.3,0.78,0.957,49.95,10.2697,82.16,4.1,9.3,1.3,157.6,0.0,0.0,0.0,0.0
2026-03-24T10:51:00Z,230.84,251.8,1.13,0.966,50.0,10.2739,82.19,4.2,12.3,1.5,233.8,0.0,0.0,0.0,0.0
2026-03-24T10:52:00Z,231.53,157.7,0.72,0.952,49.98,10.2765,82.21,4.4,9.4,1.5,142.4,0.0,0.0,0.0,0.0
2026-03-24T10:53:00Z,230.6,196.3,0.89,0.955,50.0,10.2798,82.24,4.6,12.7,1.7,177.3,0.0,0.0,0.0,0.0
2026-03-24T10:54:00Z,230.8,197.7,0.89,0.963,50.02,10.2831,82.26,4.2,11.1,1.2,181.2,0.0,0.0,0.0,0.0
2026-03-24T10:55:00Z,231.13,236.5,1.06,0.965,50.04,10.287,82.3,4.2,12.0,1.4,218.9,0.0,0.0,0.0,0.0
2026-03-24T10:56:00Z,231.21,239.8,1.08,0.96,50.02,10.291,82.33,4.7,12.8,1.2,221.1,0.0,0.0,0.0,0.0
2026-03-24T10:57:00Z,231.42,202.7,0.92,0.947,50.0,10.2944,82.36,4.6,13.5,1.5,183.1,0.0,0.0,0.0,0.0
2026-03-24T10:58:00Z,231.54,271.7,1.22,0.959,49.97,10.2989,82.39,4.4,10.6,1.7,255.0,0.0,0.0,0.0,0.0
2026-03-24T10:59:00Z,230.6,216.2,0.97,0.963,50.0,10.3025,82.42,4.7,9.3,1.7,200.5,0.0,0.0,0.0,0.0
2026-03-24T11:00:00Z,230.9,238.2,1.07,0.962,49.96,10.3065,82.45,4.6,12.8,1.5,219.3,0.0,0.0,0.0,0.0
2026-03-24T11:01:00Z,229.85,245.3,1.12,0.951,50.01,10.3106,82.48,4.9,11.9,1.7,226.8,0.0,0.0,0.0,0.0
2026-03-24T11:02:00Z,230.18,258.9,1.18,0.951,50.04,10.3149,82.52,4.7,10.2,1.4,242.6,0.0,0.0,0.0,0.0
2026-03-24T11:03:00Z,229.86,235.5,1.07,0.955,49.97,10.3188,82.55,4.5,9.6,1.4,220.0,0.0,0.0,0.0,0.0
2026-03-24T11:04:00Z,231.37,213.1,0.96,0.956,50.0,10.3224,82.58,4.5,12.8,1.6,194.2,0.0,0.0,0.0,0.0
2026-03-24T11:05:00Z,230.67,268.8,1.21,0.967,49.96,10.3269,82.61,4.9,9.2,1.7,253.0,0.0,0.0,0.0,0.0
2026-03-24T11:06:00Z,230.17,184.2,0.83,0.961,49.99,10.3299,82.64,4.9,10.6,1.8,166.9,0.0,0.0,0.0,0.0
2026-03-24T11:07:00Z,231.55,177.0,0.8,0.951,50.0,10.3329,82.66,4.0,12.5,1.3,159.2,0.0,0.0,0.0,0.0
2026-03-24T11:08:00Z,230.95,269.3,1.23,0.949,50.04,10.3374,82.7,4.7,12.5,1.7,250.4,0.0,0.0,0.0,0.0
2026-03-24T11:09:00Z,231.52,160.1,0.73,0.951,50.01,10.34,82.72,4.9,9.4,1.5,144.3,0.0,0.0,0.0,0.0
2026-03-24T11:10:00Z,230.32,163.9,0.75,0.952,49.96,10.3428,82.74,4.5,13.5,1.6,144.3,0.0,0.0,0.0,0.0
2026-03-24T11:11:00Z,230.72,175.4,0.8,0.949,49.98,10.3457,82.77,4.4,10.8,1.5,158.7,0.0,0.0,0.0,0.0
2026-03-24T11:12:00Z,231.11,220.7,0.99,0.96,50.03,10.3494,82.8,4.6,12.9,1.4,201.8,0.0,0.0,0.0,0.0
2026-03-24T11:13:00Z,230.73,240.8,1.08,0.962,49.99,10.3534,82.83,4.9,13.2,1.7,221.0,0.0,0.0,0.0,0.0
2026-03-24T11:14:00Z,229.62,260.9,1.19,0.958,50.02,10.3577,82.86,5.0,12.7,1.4,241.8,0.0,0.0,0.0,0.0
2026-03-24T11:15:00Z,230.17,398.6,1.82,0.954,49.97,10.3644,82.92,4.8,135.8,1.5,256.5,0.0,0.0,0.0,0.0
2026-03-24T11:16:00Z,231.32,371.1,1.69,0.95,50.02,10.3706,82.96,4.0,148.5,1.6,217.0,0.0,0.0,0.0,0.0
2026-03-24T11:17:00Z,230.2,394.5,1.79,0.96,49.99,10.3771,83.02,4.8,140.7,1.7,247.3,0.0,0.0,0.0,0.0
2026-03-24T11:18:00Z,230.21,385.2,1.75,0.958,50.01,10.3836,83.07,4.9,150.3,1.5,228.5,0.0,0.0,0.0,0.0
2026-03-24T11:19:00Z,230.12,287.0,1.3,0.956,49.99,10.3884,83.11,4.8,136.6,1.3,144.3,0.0,0.0,0.0,0.0
2026-03-24T11:20:00Z,231.25,342.8,1.54,0.963,50.02,10.3941,83.15,4.6,145.8,1.7,190.7,0.0,0.0,0.0,0.0
2026-03-24T11:21:00Z,229.89,376.2,1.71,0.958,49.99,10.4003,83.2,4.4,142.9,1.4,227.5,0.0,0.0,0.0,0.0
2026-03-24T11:22:00Z,230.74,402.2,1.82,0.96,49.98,10.407,83.26,4.2,149.7,1.3,247.0,0.0,0.0,0.0,0.0
2026-03-24T11:23:00Z,231.09,416.6,1.88,0.959,49.97,10.414,83.31,5.0,153.2,1.5,256.9,0.0,0.0,0.0,0.0
2026-03-24T11:24:00Z,231.25,340.6,1.54,0.956,50.05,10.4197,83.36,4.9,145.2,1.7,188.8,0.0,0.0,0.0,0.0
2026-03-24T11:25:00Z,230.91,322.0,1.47,0.951,50.02,10.425,83.4,4.6,141.3,1.8,174.3,0.0,0.0,0.0,0.0
2026-03-24T11:26:00Z,229.71,387.8,1.77,0.954,50.02,10.4315,83.45,4.7,140.2,1.5,241.4,0.0,0.0,0.0,0.0
2026-03-24T11:27:00Z,230.16,298.1,1.36,0.954,50.04,10.4365,83.49,4.8,137.9,1.4,154.0,0.0,0.0,0.0,0.0
2026-03-24T11:28:00Z,230.93,305.2,1.38,0.957,49.96,10.4415,83.53,4.2,139.6,1.5,159.9,0.0,0.0,0.0,0.0
2026-03-24T11:29:00Z,229.53,379.2,1.73,0.954,50.05,10.4479,83.58,4.6,154.3,1.6,218.7,0.0,0.0,0.0,0.0
2026-03-24T11:30:00Z,229.91,308.9,1.39,0.969,49.99,10.453,83.62,4.0,143.2,1.6,160.1,0.0,0.0,0.0,0.0
2026-03-24T11:31:00Z,231.0,328.2,1.48,0.963,49.96,10.4585,83.67,4.2,150.7,1.8,171.5,0.0,0.0,0.0,0.0
2026-03-24T11:32:00Z,229.38,385.1,1.75,0.957,49.96,10.4649,83.72,4.7,136.8,1.2,242.4,0.0,0.0,0.0,0.0
2026-03-24T11:33:00Z,231.02,368.2,1.67,0.956,50.04,10.471,83.77,4.6,137.3,1.2,225.1,0.0,0.0,0.0,0.0
2026-03-24T11:34:00Z,231.02,404.2,1.84,0.95,49.97,10.4778,83.82,5.0,154.6,1.5,243.1,0.0,0.0,0.0,0.0
2026-03-24T11:35:00Z,231.13,264.0,1.19,0.959,49.97,10.4822,83.86,4.3,9.5,1.5,248.7,0.0,0.0,0.0,0.0
2026-03-24T11:36:00Z,229.29,201.5,0.91,0.965,49.95,10.4855,83.88,4.0,10.7,1.3,185.5,0.0,0.0,0.0,0.0
2026-03-24T11:37:00Z,230.75,208.4,0.94,0.957,50.0,10.489,83.91,4.8,10.5,1.2,191.9,0.0,0.0,0.0,0.0
2026-03-24T11:38:00Z,229.79,193.8,0.88,0.959,50.02,10.4922,83.94,4.3,10.4,1.6,177.5,0.0,0.0,0.0,0.0
2026-03-24T11:39:00Z,229.44,234.1,1.07,0.954,49.99,10.4961,83.97,4.8,13.2,1.5,214.6,0.0,0.0,0.0,0.0
2026-03-24T11:40:00Z,230.21,240.3,1.09,0.955,49.99,10.5001,84.0,4.3,11.1,1.6,223.3,0.0,0.0,0.0,0.0
2026-03-24T11:41:00Z,230.89,271.5,1.23,0.956,50.0,10.5047,84.04,4.3,11.0,1.7,254.5,0.0,0.0,0.0,0.0
2026-03-24T11:42:00Z,230.03,265.0,1.2,0.958,50.05,10.5091,84.07,4.5,12.2,1.7,246.6,0.0,0.0,0.0,0.0
2026-03-24T11:43:00Z,229.86,172.6,0.78,0.962,50.01,10.512,84.1,4.4,12.1,1.7,154.4,0.0,0.0,0.0,0.0
2026-03-24T11:44:00Z,229.24,178.4,0.81,0.966,49.96,10.5149,84.12,5.0,9.7,1.7,162.0,0.0,0.0,0.0,0.0
2026-03-24T11:45:00Z,229.99,163.4,0.73,0.969,49.97,10.5177,84.14,4.4,11.3,1.5,146.2,0.0,0.0,0.0,0.0
2026-03-24T11:46:00Z,229.79,227.6,1.03,0.961,50.0,10.5214,84.17,4.6,10.6,1.3,211.1,0.0,0.0,0.0,0.0
2026-03-24T11:47:00Z,230.79,194.3,0.88,0.958,49.96,10.5247,84.2,4.2,13.1,1.6,175.4,0.0,0.0,0.0,0.0
2026-03-24T11:48:00Z,231.04,199.7,0.91,0.955,49.99,10.528,84.22,4.9,9.7,1.5,183.6,0.0,0.0,0.0,0.0
2026-03-24T11:49:00Z,230.72,189.1,0.85,0.965,49.98,10.5312,84.25,4.8,10.2,1.2,172.9,0.0,0.0,0.0,0.0
2026-03-24T11:50:00Z,229.25,194.0,0.88,0.957,49.95,10.5344,84.28,4.4,12.2,1.7,175.7,0.0,0.0,0.0,0.0
2026-03-24T11:51:00Z,229.49,249.7,1.14,0.954,50.03,10.5386,84.31,4.7,10.3,1.6,233.1,0.0,0.0,0.0,0.0
2026-03-24T11:52:00Z,229.94,183.9,0.83,0.966,49.95,10.5416,84.33,4.4,13.0,1.2,165.3,0.0,0.0,0.0,0.0
2026-03-24T11:53:00Z,229.81,176.7,0.81,0.953,50.02,10.5446,84.36,4.9,13.5,1.2,157.1,0.0,0.0,0.0,0.0
2026-03-24T11:54:00Z,230.85,248.2,1.11,0.969,50.02,10.5487,84.39,4.6,9.7,1.3,232.6,0.0,0.0,0.0,0.0
2026-03-24T11:55:00Z,229.59,260.5,1.18,0.962,49.98,10.5531,84.42,4.8,11.4,1.5,242.8,0.0,0.0,0.0,0.0
2026-03-24T11:56:00Z,230.68,218.5,0.98,0.965,50.03,10.5567,84.45,4.1,9.7,1.3,203.4,0.0,0.0,0.0,0.0
2026-03-24T11:57:00Z,229.21,187.2,0.86,0.951,49.99,10.5598,84.48,4.5,12.1,1.3,169.3,0.0,0.0,0.0,0.0
2026-03-24T11:58:00Z,230.63,258.8,1.17,0.963,50.03,10.5641,84.51,4.9,13.4,1.7,238.8,0.0,0.0,0.0,0.0
2026-03-24T11:59:00Z,229.19,170.7,0.77,0.966,50.04,10.567,84.54,4.0,12.3,1.3,153.1,0.0,0.0,0.0,0.0
2026-03-24T12:00:00Z,230.08,435.2,1.98,0.953,49.96,10.5742,84.59,5.0,146.2,1.5,224.6,0.0,57.9,0.0,0.0
2026-03-24T12:01:00Z,230.66,421.8,1.89,0.967,49.97,10.5813,84.65,4.7,151.1,1.6,205.3,0.0,59.1,0.0,0.0
2026-03-24T12:02:00Z,230.12,397.8,1.8,0.958,49.97,10.5879,84.7,4.5,140.7,1.3,183.5,0.0,67.8,0.0,0.0
2026-03-24T12:03:00Z,229.03,449.2,2.02,0.97,49.99,10.5954,84.76,4.2,140.7,1.8,245.5,0.0,57.0,0.0,0.0
2026-03-24T12:04:00Z,229.87,396.4,1.78,0.968,50.03,10.602,84.82,4.6,145.4,1.6,177.8,0.0,67.0,0.0,0.0
2026-03-24T12:05:00Z,229.44,455.7,2.08,0.957,49.96,10.6096,84.88,4.1,137.6,1.4,248.3,0.0,64.3,0.0,0.0
2026-03-24T12:06:00Z,230.05,464.8,2.1,0.96,49.99,10.6173,84.94,4.7,142.6,1.8,255.9,0.0,59.8,0.0,0.0
2026-03-24T12:07:00Z,230.38,365.3,1.67,0.95,50.04,10.6234,84.99,4.8,142.0,1.5,160.5,0.0,56.5,0.0,0.0
2026-03-24T12:08:00Z,229.45,400.1,1.82,0.956,50.04,10.6301,85.04,4.6,135.4,1.7,191.7,0.0,66.7,0.0,0.0
2026-03-24T12:09:00Z,229.0,410.2,1.86,0.962,49.98,10.6369,85.1,4.3,142.3,1.8,195.0,0.0,66.8,0.0,0.0
2026-03-24T12:10:00Z,230.18,433.0,1.96,0.96,50.05,10.6441,85.15,4.3,153.9,1.6,216.9,0.0,56.3,0.0,0.0
2026-03-24T12:11:00Z,230.77,398.0,1.81,0.955,50.02,10.6508,85.21,4.9,136.2,1.4,190.5,0.0,65.0,0.0,0.0
2026-03-24T12:12:00Z,229.96,416.1,1.88,0.96,49.97,10.6577,85.26,4.9,136.0,1.7,213.3,0.0,60.2,0.0,0.0
2026-03-24T12:13:00Z,230.42,368.4,1.68,0.953,49.99,10.6638,85.31,4.5,146.2,1.4,159.0,0.0,57.3,0.0,0.0
2026-03-24T12:14:00Z,229.38,353.4,1.6,0.963,50.0,10.6697,85.36,4.9,142.1,1.3,142.6,0.0,62.5,0.0,0.0
2026-03-24T12:15:00Z,229.38,414.2,1.87,0.965,49.98,10.6766,85.41,4.1,136.1,1.4,215.7,0.0,56.9,0.0,0.0
2026-03-24T12:16:00Z,230.32,425.9,1.92,0.961,49.98,10.6837,85.47,4.4,135.4,1.3,222.7,0.0,62.1,0.0,0.0
2026-03-24T12:17:00Z,229.6,346.1,1.56,0.964,49.98,10.6895,85.52,4.7,135.5,1.2,148.0,0.0,56.7,0.0,0.0
2026-03-24T12:18:00Z,228.91,427.1,1.95,0.958,50.01,10.6966,85.57,4.5,151.2,1.5,210.3,0.0,59.6,0.0,0.0
2026-03-24T12:19:00Z,228.89,411.9,1.87,0.964,50.04,10.7035,85.63,4.6,140.9,1.7,199.9,0.0,64.8,0.0,0.0
2026-03-24T12:20:00Z,229.06,236.0,1.07,0.962,50.01,10.7074,85.66,4.0,9.2,1.3,158.2,0.0,63.3,0.0,0.0
2026-03-24T12:21:00Z,229.81,292.4,1.33,0.959,50.02,10.7123,85.7,4.2,9.6,1.5,222.1,0.0,55.0,0.0,0.0
2026-03-24T12:22:00Z,230.43,320.0,1.44,0.965,50.01,10.7176,85.74,4.6,9.5,1.4,240.2,0.0,64.3,0.0,0.0
2026-03-24T12:23:00Z,228.83,233.5,1.07,0.954,50.0,10.7215,85.77,4.5,12.4,1.2,154.2,0.0,61.2,0.0,0.0
2026-03-24T12:24:00Z,229.29,239.7,1.08,0.966,50.01,10.7255,85.8,4.2,11.9,1.4,164.1,0.0,58.1,0.0,0.0
2026-03-24T12:25:00Z,229.69,252.2,1.15,0.953,49.96,10.7297,85.84,4.8,11.5,1.3,171.1,0.0,63.5,0.0,0.0
2026-03-24T12:26:00Z,229.11,315.7,1.44,0.954,50.04,10.735,85.88,4.3,13.3,1.6,229.4,0.0,67.1,0.0,0.0
2026-03-24T12:27:00Z,228.96,254.6,1.16,0.958,50.03,10.7392,85.91,4.8,11.6,1.7,176.0,0.0,60.5,0.0,0.0
2026-03-24T12:28:00Z,229.82,257.4,1.17,0.959,50.02,10.7435,85.95,4.5,9.6,1.5,185.7,0.0,56.1,0.0,0.0
2026-03-24T12:29:00Z,230.56,266.3,1.21,0.952,50.03,10.7479,85.98,4.7,9.8,1.3,189.6,0.0,60.9,0.0,0.0
2026-03-24T12:30:00Z,228.97,338.7,1.54,0.963,49.98,10.7536,86.03,4.8,9.7,1.7,257.6,0.0,64.9,0.0,0.0
2026-03-24T12:31:00Z,229.8,275.0,1.24,0.964,50.02,10.7582,86.07,4.2,12.8,1.3,193.2,0.0,63.5,0.0,0.0
2026-03-24T12:32:00Z,230.16,257.8,1.17,0.954,50.03,10.7625,86.1,4.0,9.6,1.5,186.4,0.0,56.3,0.0,0.0
2026-03-24T12:33:00Z,228.76,328.3,1.49,0.964,50.0,10.7679,86.14,4.8,13.4,1.2,249.4,0.0,59.5,0.0,0.0
2026-03-24T12:34:00Z,229.08,242.9,1.11,0.951,49.96,10.772,86.18,4.1,9.1,1.4,173.1,0.0,55.2,0.0,0.0
2026-03-24T12:35:00Z,229.41,266.7,1.22,0.952,49.97,10.7764,86.21,4.6,13.2,1.6,188.4,0.0,58.9,0.0,0.0
2026-03-24T12:36:00Z,229.19,245.2,1.11,0.963,50.01,10.7805,86.24,4.6,9.6,1.6,166.9,0.0,62.5,0.0,0.0
2026-03-24T12:37:00Z,229.76,319.0,1.44,0.961,50.02,10.7858,86.29,4.8,11.7,1.3,246.0,0.0,55.2,0.0,0.0
2026-03-24T12:38:00Z,229.93,272.4,1.24,0.955,50.05,10.7904,86.32,4.4,12.0,1.5,192.8,0.0,61.7,0.0,0.0
2026-03-24T12:39:00Z,229.18,325.7,1.47,0.964,49.98,10.7958,86.37,4.9,10.3,1.2,253.1,0.0,56.2,0.0,0.0
2026-03-24T12:40:00Z,229.84,308.0,1.39,0.966,50.01,10.8009,86.41,4.5,10.9,1.6,230.5,0.0,60.5,0.0,0.0
2026-03-24T12:41:00Z,230.07,251.4,1.15,0.951,50.02,10.8051,86.44,5.0,10.5,1.5,171.3,0.0,63.1,0.0,0.0
2026-03-24T12:42:00Z,228.65,224.8,1.03,0.958,49.98,10.8089,86.47,4.5,10.4,1.6,141.9,0.0,66.4,0.0,0.0
2026-03-24T12:43:00Z,229.48,289.4,1.33,0.951,49.98,10.8137,86.51,4.4,9.3,1.4,213.2,0.0,61.1,0.0,0.0
2026-03-24T12:44:00Z,228.62,235.2,1.07,0.965,49.96,10.8176,86.54,4.4,13.2,1.6,159.3,0.0,56.7,0.0,0.0
2026-03-24T12:45:00Z,230.41,386.7,1.77,0.949,50.03,10.8241,86.59,4.4,136.8,1.2,179.8,0.0,64.5,0.0,0.0
2026-03-24T12:46:00Z,229.79,401.4,1.82,0.959,49.95,10.8308,86.65,4.5,139.1,1.6,195.0,0.0,61.2,0.0,0.0
2026-03-24T12:47:00Z,229.57,359.1,1.64,0.952,49.98,10.8367,86.69,4.2,140.0,1.5,155.1,0.0,58.3,0.0,0.0
2026-03-24T12:48:00Z,228.58,460.4,2.11,0.955,49.97,10.8444,86.76,4.2,136.7,1.6,259.2,0.0,58.7,0.0,0.0
2026-03-24T12:49:00Z,229.62,428.4,1.95,0.955,49.95,10.8516,86.81,4.3,144.4,1.3,214.1,0.0,64.3,0.0,0.0
2026-03-24T12:50:00Z,228.98,411.1,1.88,0.957,50.04,10.8584,86.87,4.3,136.7,1.4,200.7,0.0,68.0,0.0,0.0
2026-03-24T12:51:00Z,229.16,368.4,1.68,0.958,49.97,10.8645,86.92,5.0,151.0,1.5,145.9,0.0,65.0,0.0,0.0
2026-03-24T12:52:00Z,230.13,369.5,1.67,0.964,49.96,10.8707,86.97,4.5,136.4,1.3,164.1,0.0,63.2,0.0,0.0
2026-03-24T12:53:00Z,230.07,383.6,1.73,0.961,49.95,10.8771,87.02,4.3,142.6,1.2,172.0,0.0,63.5,0.0,0.0
2026-03-24T12:54:00Z,229.29,356.3,1.64,0.948,49.96,10.883,87.06,4.5,139.0,1.6,153.2,0.0,58.0,0.0,0.0
2026-03-24T12:55:00Z,229.92,414.7,1.88,0.957,50.0,10.8899,87.12,4.4,137.9,1.4,205.4,0.0,65.6,0.0,0.0
2026-03-24T12:56:00Z,228.69,439.2,2.0,0.958,50.0,10.8973,87.18,4.1,153.8,1.6,220.3,0.0,59.4,0.0,0.0
2026-03-24T12:57:00Z,228.46,351.5,1.6,0.961,50.01,10.9031,87.22,4.6,145.2,1.8,144.6,0.0,55.3,0.0,0.0
2026-03-24T12:58:00Z,230.14,441.0,1.99,0.964,50.01,10.9105,87.28,4.7,148.7,1.3,224.0,0.0,62.3,0.0,0.0
2026-03-24T12:59:00Z,228.38,375.6,1.71,0.96,50.0,10.9167,87.33,4.0,153.2,1.3,149.7,0.0,67.4,0.0,0.0
2026-03-24T13:00:00Z,229.95,1548.2,7.02,0.959,49.97,10.9425,87.54,1134.1,143.8,1.7,203.8,0.0,64.8,0.0,0.0
2026-03-24T13:01:00Z,229.91,1856.3,8.45,0.956,49.95,10.9735,87.79,1390.4,141.7,1.7,258.5,0.0,64.0,0.0,0.0
2026-03-24T13:02:00Z,228.37,1758.9,7.99,0.964,50.01,11.0028,88.02,1404.9,144.6,1.5,151.3,0.0,56.6,0.0,0.0
2026-03-24T13:03:00Z,229.95,1785.7,8.18,0.949,49.97,11.0326,88.26,1419.3,152.8,1.3,155.7,0.0,56.6,0.0,0.0
2026-03-24T13:04:00Z,229.73,1807.9,8.21,0.958,50.02,11.0627,88.5,1380.7,135.7,1.5,230.2,0.0,59.8,0.0,0.0
2026-03-24T13:05:00Z,228.47,1575.2,7.19,0.959,50.04,11.0889,88.71,1327.2,10.5,1.4,175.6,0.0,60.5,0.0,0.0
2026-03-24T13:06:00Z,229.3,1677.0,7.61,0.961,49.96,11.1169,88.94,1436.7,10.9,1.5,165.4,0.0,62.5,0.0,0.0
2026-03-24T13:07:00Z,229.23,1558.9,7.14,0.952,49.98,11.1429,89.14,1333.5,11.9,1.7,145.9,0.0,65.9,0.0,0.0
2026-03-24T13:08:00Z,229.39,1364.5,6.2,0.96,50.03,11.1656,89.32,1142.1,12.5,1.4,145.8,0.0,62.7,0.0,0.0
2026-03-24T13:09:00Z,228.39,1642.2,7.51,0.958,50.02,11.193,89.54,1330.2,9.7,1.6,244.0,0.0,56.7,0.0,0.0
2026-03-24T13:10:00Z,229.26,1433.5,6.52,0.959,50.03,11.2169,89.73,1113.3,13.1,1.4,247.6,0.0,58.1,0.0,0.0
2026-03-24T13:11:00Z,228.87,1485.1,6.79,0.956,50.02,11.2416,89.93,1230.3,12.1,1.3,184.1,0.0,57.3,0.0,0.0
2026-03-24T13:12:00Z,229.21,1355.6,6.16,0.96,50.01,11.2642,90.11,1123.5,10.3,1.4,159.9,0.0,60.5,0.0,0.0
2026-03-24T13:13:00Z,230.21,1449.1,6.52,0.966,50.02,11.2884,90.31,1127.3,14.0,1.3,249.4,0.0,57.1,0.0,0.0
2026-03-24T13:14:00Z,229.61,1697.0,7.67,0.963,50.03,11.3167,90.53,1435.4,11.2,1.3,181.5,0.0,67.6,0.0,0.0
2026-03-24T13:15:00Z,229.29,1702.4,7.71,0.963,49.98,11.345,90.76,1447.0,11.5,1.4,183.9,0.0,58.6,0.0,0.0
2026-03-24T13:16:00Z,228.24,1334.9,6.1,0.959,49.97,11.3673,90.94,1110.1,9.8,1.7,156.5,0.0,56.8,0.0,0.0
2026-03-24T13:17:00Z,229.59,1560.7,7.14,0.952,50.04,11.3933,91.15,1296.7,12.6,1.6,191.4,0.0,58.4,0.0,0.0
2026-03-24T13:18:00Z,230.11,1636.3,7.48,0.951,49.97,11.4206,91.36,1354.2,13.8,1.6,208.6,0.0,58.1,0.0,0.0
2026-03-24T13:19:00Z,228.76,1654.6,7.61,0.951,49.98,11.4481,91.59,1378.9,10.5,1.2,201.9,0.0,62.1,0.0,0.0
2026-03-24T13:20:00Z,228.55,1589.7,7.23,0.962,50.0,11.4746,91.8,1334.2,9.4,1.8,180.0,0.0,64.3,0.0,0.0
2026-03-24T13:21:00Z,228.51,1599.6,7.32,0.956,49.95,11.5013,92.01,1302.7,10.1,1.5,219.7,0.0,65.6,0.0,0.0
2026-03-24T13:22:00Z,230.09,1637.1,7.45,0.955,49.97,11.5286,92.23,1374.1,13.6,1.6,186.1,0.0,61.7,0.0,0.0
2026-03-24T13:23:00Z,229.34,1489.6,6.76,0.961,49.96,11.5534,92.43,1256.3,12.6,1.7,161.2,0.0,57.8,0.0,0.0
2026-03-24T13:24:00Z,228.9,1436.5,6.63,0.946,49.96,11.5773,92.62,1194.8,9.9,1.8,172.8,0.0,57.2,0.0,0.0
2026-03-24T13:25:00Z,228.42,1465.1,6.73,0.953,50.01,11.6018,92.81,1204.8,10.1,1.3,181.5,0.0,67.4,0.0,0.0
2026-03-24T13:26:00Z,229.04,1636.3,7.47,0.956,50.05,11.629,93.03,1356.5,10.1,1.2,209.2,0.0,59.3,0.0,0.0
2026-03-24T13:27:00Z,229.85,1705.6,7.73,0.96,49.99,11.6575,93.26,1433.9,11.0,1.3,200.2,0.0,59.2,0.0,0.0
2026-03-24T13:28:00Z,228.88,1442.1,6.64,0.949,50.03,11.6815,93.45,1196.5,13.4,1.5,169.7,0.0,61.0,0.0,0.0
2026-03-24T13:29:00Z,228.57,1624.7,7.47,0.952,49.98,11.7086,93.67,1357.6,10.7,1.3,187.4,0.0,67.7,0.0,0.0
2026-03-24T13:30:00Z,228.53,1589.2,7.35,0.946,49.96,11.7351,93.88,1146.2,150.1,1.5,234.7,0.0,56.7,0.0,0.0
2026-03-24T13:31:00Z,228.98,1564.1,7.09,0.963,49.97,11.7611,94.09,1118.1,136.4,1.6,240.9,0.0,67.1,0.0,0.0
2026-03-24T13:32:00Z,229.97,1715.4,7.79,0.958,49.99,11.7897,94.32,1356.9,136.4,1.3,155.1,0.0,65.7,0.0,0.0
2026-03-24T13:33:00Z,228.12,1827.8,8.38,0.956,49.97,11.8202,94.56,1375.6,151.4,1.5,235.7,0.0,63.6,0.0,0.0
2026-03-24T13:34:00Z,229.99,1679.7,7.7,0.949,50.05,11.8482,94.79,1259.5,145.7,1.5,216.9,0.0,56.1,0.0,0.0
2026-03-24T13:35:00Z,228.85,1623.8,7.4,0.959,50.03,11.8752,95.0,1233.2,142.1,1.4,189.5,0.0,57.6,0.0,0.0
2026-03-24T13:36:00Z,229.84,1590.2,7.2,0.961,50.01,11.9017,95.21,1134.3,137.5,1.6,250.2,0.0,66.6,0.0,0.0
2026-03-24T13:37:00Z,229.93,1574.0,7.14,0.959,50.04,11.928,95.42,1139.1,145.9,1.6,232.1,0.0,55.3,0.0,0.0
2026-03-24T13:38:00Z,228.66,1808.2,8.34,0.948,49.97,11.9581,95.66,1407.1,149.6,1.4,185.6,0.0,64.5,0.0,0.0
2026-03-24T13:39:00Z,229.35,1635.4,7.53,0.947,50.0,11.9854,95.88,1267.4,136.5,1.4,172.3,0.0,57.8,0.0,0.0
2026-03-24T13:40:00Z,229.11,1867.5,8.54,0.955,50.01,12.0165,96.13,1417.9,153.4,1.6,228.0,0.0,66.6,0.0,0.0
2026-03-24T13:41:00Z,228.49,1537.5,7.05,0.955,50.04,12.0421,96.34,1114.3,146.5,1.4,217.9,0.0,57.4,0.0,0.0
2026-03-24T13:42:00Z,229.68,1525.0,7.0,0.948,50.05,12.0675,96.54,1107.8,151.0,1.4,199.8,0.0,65.0,0.0,0.0
2026-03-24T13:43:00Z,229.2,1647.2,7.5,0.958,49.97,12.095,96.76,1254.1,141.1,1.6,189.0,0.0,61.4,0.0,0.0
2026-03-24T13:44:00Z,229.1,1635.0,7.5,0.952,50.03,12.1222,96.98,1183.4,152.8,1.4,240.5,0.0,56.9,0.0,0.0
2026-03-24T13:45:00Z,229.71,1780.9,8.06,0.962,49.97,12.1519,97.22,1400.8,137.1,1.4,184.5,0.0,57.1,0.0,0.0
2026-03-24T13:46:00Z,228.95,1584.5,7.27,0.952,49.97,12.1783,97.43,1151.6,153.4,1.8,217.1,0.0,60.6,0.0,0.0
2026-03-24T13:47:00Z,229.56,1679.0,7.69,0.951,50.0,12.2063,97.65,1281.3,144.3,1.4,184.7,0.0,67.3,0.0,0.0
2026-03-24T13:48:00Z,229.45,1722.6,7.82,0.96,50.04,12.235,97.88,1267.8,141.0,1.4,254.9,0.0,57.5,0.0,0.0
2026-03-24T13:49:00Z,228.84,1872.9,8.62,0.95,49.98,12.2662,98.13,1447.7,138.3,1.2,227.1,0.0,58.6,0.0,0.0
2026-03-24T13:50:00Z,228.86,1649.1,7.61,0.947,50.03,12.2937,98.35,1319.9,13.0,1.7,253.3,0.0,61.2,0.0,0.0
2026-03-24T13:51:00Z,229.32,1512.9,6.88,0.959,50.01,12.3189,98.55,1257.6,11.1,1.6,181.8,0.0,60.8,0.0,0.0
2026-03-24T13:52:00Z,228.36,1359.5,6.24,0.954,50.03,12.3416,98.73,1109.9,13.8,1.5,176.1,0.0,58.2,0.0,0.0
2026-03-24T13:53:00Z,229.2,1506.1,6.9,0.953,49.96,12.3667,98.93,1266.0,13.5,1.7,166.1,0.0,58.8,0.0,0.0
2026-03-24T13:54:00Z,227.99,1582.7,7.23,0.96,49.98,12.3931,99.14,1312.3,12.7,1.5,188.8,0.0,67.4,0.0,0.0
2026-03-24T13:55:00Z,227.8,1469.0,6.75,0.956,50.02,12.4176,99.34,1179.1,12.0,1.4,219.5,0.0,57.0,0.0,0.0
2026-03-24T13:56:00Z,229.63,1507.0,6.97,0.942,49.96,12.4427,99.54,1269.6,9.9,1.7,161.6,0.0,64.2,0.0,0.0
2026-03-24T13:57:00Z,229.1,1410.3,6.51,0.945,50.03,12.4662,99.73,1197.7,12.0,1.4,141.8,0.0,57.4,0.0,0.0
2026-03-24T13:58:00Z,228.39,1574.6,7.29,0.946,49.99,12.4924,99.94,1332.2,12.0,1.6,170.8,0.0,58.0,0.0,0.0
2026-03-24T13:59:00Z,229.6,1442.1,6.61,0.95,50.01,12.5165,100.13,1140.3,12.4,1.3,230.9,0.0,57.2,0.0,0.0
2026-03-24T14:00:00Z,229.48,1452.7,6.7,0.945,50.01,12.5407,100.33,1199.3,11.9,1.3,181.5,0.0,58.7,0.0,0.0
2026-03-24T14:01:00Z,229.56,1603.9,7.35,0.95,49.97,12.5674,100.54,1351.8,11.2,1.7,179.5,0.0,59.7,0.0,0.0
2026-03-24T14:02:00Z,228.0,1507.8,7.04,0.94,50.04,12.5925,100.74,1258.6,12.3,1.7,177.1,0.0,58.1,0.0,0.0
2026-03-24T14:03:00Z,229.37,1591.0,7.37,0.941,49.96,12.619,100.95,1261.2,10.2,1.2,258.6,0.0,59.8,0.0,0.0
2026-03-24T14:04:00Z,228.54,1565.5,7.2,0.951,50.0,12.6451,101.16,1297.7,10.7,1.6,190.8,0.0,64.7,0.0,0.0
2026-03-24T14:05:00Z,228.81,1448.8,6.62,0.957,49.95,12.6693,101.35,1110.3,11.1,1.8,258.3,0.0,67.3,0.0,0.0
2026-03-24T14:06:00Z,228.97,1559.3,7.15,0.953,50.01,12.6953,101.56,1266.5,12.4,1.5,218.8,0.0,60.1,0.0,0.0
2026-03-24T14:07:00Z,228.35,1350.6,6.27,0.943,49.98,12.7178,101.74,1106.4,10.9,1.4,169.2,0.0,62.7,0.0,0.0
2026-03-24T14:08:00Z,229.37,1503.1,6.87,0.954,49.95,12.7428,101.94,1169.3,9.8,1.5,256.9,0.0,65.6,0.0,0.0
2026-03-24T14:09:00Z,228.94,1722.7,7.85,0.958,50.01,12.7715,102.17,1435.7,12.2,1.3,216.7,0.0,56.8,0.0,0.0
2026-03-24T14:10:00Z,227.72,1369.6,6.28,0.958,50.01,12.7944,102.36,1114.2,12.1,1.6,181.3,0.0,60.4,0.0,0.0
2026-03-24T14:11:00Z,228.15,1432.2,6.69,0.938,50.02,12.8182,102.55,1209.3,12.4,1.4,149.1,0.0,60.0,0.0,0.0
2026-03-24T14:12:00Z,228.21,1593.8,7.34,0.951,49.97,12.8448,102.76,1284.7,9.1,1.4,239.3,0.0,59.3,0.0,0.0
2026-03-24T14:13:00Z,229.62,1491.1,6.9,0.941,49.95,12.8697,102.96,1175.9,9.5,1.5,244.6,0.0,59.6,0.0,0.0
2026-03-24T14:14:00Z,229.2,1696.8,7.79,0.95,50.02,12.8979,103.18,1431.7,12.4,1.5,187.0,0.0,64.2,0.0,0.0
2026-03-24T14:15:00Z,229.17,1747.6,8.01,0.952,49.96,12.9271,103.42,1374.2,138.2,1.6,165.9,0.0,67.7,0.0,0.0
2026-03-24T14:16:00Z,228.61,1512.1,6.97,0.949,49.97,12.9523,103.62,1131.1,140.1,1.3,175.3,0.0,64.3,0.0,0.0
2026-03-24T14:17:00Z,228.53,1500.9,6.98,0.941,50.0,12.9773,103.82,1127.6,148.3,1.8,156.0,0.0,67.2,0.0,0.0
2026-03-24T14:18:00Z,227.84,1613.9,7.47,0.948,49.97,13.0042,104.03,1244.4,147.2,1.6,164.2,0.0,56.5,0.0,0.0
2026-03-24T14:19:00Z,229.07,1496.2,6.9,0.947,50.0,13.0291,104.23,1138.9,141.1,1.6,156.5,0.0,58.1,0.0,0.0
2026-03-24T14:20:00Z,227.77,1839.6,8.53,0.947,49.97,13.0598,104.48,1426.7,140.4,1.7,209.0,0.0,61.8,0.0,0.0
2026-03-24T14:21:00Z,228.88,1506.3,6.96,0.946,49.95,13.0849,104.68,1107.1,146.8,1.4,192.8,0.0,58.2,0.0,0.0
2026-03-24T14:22:00Z,227.83,1628.1,7.58,0.943,49.97,13.112,104.9,1232.1,150.7,1.7,180.8,0.0,62.8,0.0,0.0
2026-03-24T14:23:00Z,228.88,1715.1,7.9,0.948,50.04,13.1406,105.12,1282.9,136.5,1.4,235.3,0.0,59.0,0.0,0.0
2026-03-24T14:24:00Z,228.18,1721.1,7.98,0.945,49.98,13.1693,105.35,1372.4,135.6,1.7,148.7,0.0,62.7,0.0,0.0
2026-03-24T14:25:00Z,228.96,1599.4,7.36,0.949,50.01,13.1959,105.57,1160.0,150.3,1.7,226.6,0.0,60.8,0.0,0.0
2026-03-24T14:26:00Z,228.59,1563.8,7.27,0.941,50.02,13.222,105.78,1219.2,139.0,1.4,147.2,0.0,57.0,0.0,0.0
2026-03-24T14:27:00Z,228.25,1510.4,6.93,0.955,49.98,13.2472,105.98,1142.8,139.1,1.7,166.8,0.0,60.0,0.0,0.0
2026-03-24T14:28:00Z,229.28,1589.8,7.35,0.944,49.98,13.2737,106.19,1154.8,152.6,1.4,216.1,0.0,64.9,0.0,0.0
2026-03-24T14:29:00Z,228.28,1643.7,7.69,0.936,50.04,13.3011,106.41,1277.7,148.5,1.8,150.3,0.0,65.4,0.0,0.0
2026-03-24T14:30:00Z,229.42,1685.2,7.73,0.95,50.01,13.3292,106.63,1284.9,140.9,1.4,196.4,0.0,61.6,0.0,0.0
2026-03-24T14:31:00Z,228.66,1531.7,7.05,0.95,49.95,13.3547,106.84,1137.0,150.7,1.7,175.0,0.0,67.3,0.0,0.0
2026-03-24T14:32:00Z,229.16,1659.4,7.61,0.952,50.02,13.3823,107.06,1257.8,136.3,1.5,201.6,0.0,62.2,0.0,0.0
2026-03-24T14:33:00Z,227.84,1518.5,7.02,0.95,49.98,13.4077,107.26,1140.9,135.7,1.6,181.4,0.0,58.9,0.0,0.0
2026-03-24T14:34:00Z,228.93,1765.1,8.2,0.94,49.98,13.4371,107.5,1333.0,139.7,1.7,226.9,0.0,63.8,0.0,0.0
2026-03-24T14:35:00Z,228.42,1504.0,6.92,0.952,49.98,13.4621,107.7,1283.3,12.6,1.3,146.8,0.0,60.0,0.0,0.0
2026-03-24T14:36:00Z,227.49,1449.0,6.72,0.948,49.96,13.4863,107.89,1224.2,12.2,1.4,154.5,0.0,56.7,0.0,0.0
2026-03-24T14:37:00Z,228.92,1709.3,7.95,0.939,50.03,13.5148,108.12,1438.7,13.9,1.2,192.2,0.0,63.3,0.0,0.0
2026-03-24T14:38:00Z,228.14,1433.0,6.61,0.95,49.97,13.5387,108.31,1165.2,9.7,1.3,201.5,0.0,55.3,0.0,0.0
2026-03-24T14:39:00Z,228.84,1661.3,7.7,0.943,49.97,13.5663,108.53,1345.7,12.3,1.6,238.5,0.0,63.2,0.0,0.0
2026-03-24T14:40:00Z,228.03,1664.0,7.7,0.948,50.0,13.5941,108.75,1433.9,13.1,1.2,155.3,0.0,60.5,0.0,0.0
2026-03-24T14:41:00Z,228.95,1646.5,7.63,0.942,49.98,13.6215,108.97,1412.8,11.4,1.3,165.8,0.0,55.2,0.0,0.0
2026-03-24T14:42:00Z,228.02,1552.0,7.19,0.946,49.98,13.6474,109.18,1243.5,14.0,1.3,226.7,0.0,66.5,0.0,0.0
2026-03-24T14:43:00Z,227.4,1574.5,7.41,0.934,50.02,13.6736,109.39,1253.7,13.0,1.7,243.9,0.0,62.2,0.0,0.0
2026-03-24T14:44:00Z,228.9,1557.5,7.25,0.938,50.03,13.6996,109.6,1254.9,9.4,1.5,236.2,0.0,55.5,0.0,0.0
2026-03-24T14:45:00Z,227.43,1606.5,7.44,0.949,49.99,13.7264,109.81,1291.4,10.4,1.6,246.1,0.0,57.0,0.0,0.0
2026-03-24T14:46:00Z,227.53,1620.7,7.6,0.937,50.05,13.7534,110.03,1394.6,10.5,1.3,153.5,0.0,60.8,0.0,0.0
2026-03-24T14:47:00Z,227.91,1388.5,6.47,0.941,50.02,13.7765,110.21,1165.7,9.6,1.3,148.3,0.0,63.6,0.0,0.0
2026-03-24T14:48:00Z,227.81,1609.3,7.48,0.944,50.0,13.8033,110.43,1299.4,10.9,1.3,235.9,0.0,61.8,0.0,0.0
2026-03-24T14:49:00Z,228.0,1428.4,6.64,0.944,50.04,13.8271,110.62,1157.8,11.7,1.8,197.6,0.0,59.5,0.0,0.0
2026-03-24T14:50:00Z,227.84,1465.2,6.83,0.941,50.04,13.8516,110.81,1212.6,13.7,1.2,173.4,0.0,64.3,0.0,0.0
2026-03-24T14:51:00Z,228.52,1515.4,7.0,0.948,49.98,13.8768,111.01,1285.6,10.5,1.8,155.2,0.0,62.3,0.0,0.0
2026-03-24T14:52:00Z,227.35,1551.4,7.27,0.939,49.99,13.9027,111.22,1317.0,13.9,1.5,153.5,0.0,65.5,0.0,0.0
2026-03-24T14:53:00Z,229.12,1647.4,7.66,0.939,50.03,13.9301,111.44,1377.1,10.8,1.3,191.0,0.0,67.2,0.0,0.0
2026-03-24T14:54:00Z,229.27,1630.1,7.54,0.943,50.01,13.9573,111.66,1305.9,13.1,1.4,249.7,0.0,60.0,0.0,0.0
2026-03-24T14:55:00Z,227.91,1487.0,6.97,0.936,49.96,13.9821,111.86,1247.7,10.6,1.6,165.6,0.0,61.5,0.0,0.0
2026-03-24T14:56:00Z,227.32,1538.0,7.16,0.945,49.97,14.0077,112.06,1308.0,10.1,1.8,154.8,0.0,63.3,0.0,0.0
2026-03-24T14:57:00Z,228.65,1554.4,7.22,0.941,49.97,14.0336,112.27,1228.9,10.5,1.7,253.2,0.0,60.1,0.0,0.0
2026-03-24T14:58:00Z,228.97,1733.6,8.12,0.932,50.04,14.0625,112.5,1398.4,12.4,1.4,257.3,0.0,64.1,0.0,0.0
2026-03-24T14:59:00Z,227.85,1492.2,6.91,0.948,50.0,14.0874,112.7,1204.1,11.9,1.4,215.4,0.0,59.4,0.0,0.0
2026-03-24T15:00:00Z,228.25,1553.7,7.17,0.949,50.03,14.1133,112.91,1163.7,144.1,1.5,187.0,0.0,57.4,0.0,0.0
2026-03-24T15:01:00Z,229.18,1649.7,7.74,0.93,49.97,14.1408,113.13,1274.3,154.6,1.3,158.6,0.0,60.9,0.0,0.0
2026-03-24T15:02:00Z,228.84,1580.9,7.36,0.938,50.01,14.1671,113.34,1121.3,142.8,1.7,251.6,0.0,63.5,0.0,0.0
2026-03-24T15:03:00Z,228.3,1684.7,7.9,0.934,50.03,14.1952,113.56,1290.3,150.9,1.7,185.9,0.0,55.9,0.0,0.0
2026-03-24T15:04:00Z,227.6,1782.3,8.38,0.934,50.02,14.2249,113.8,1398.9,138.8,1.5,180.5,0.0,62.6,0.0,0.0
2026-03-24T15:05:00Z,227.34,1662.7,7.82,0.935,50.05,14.2526,114.02,1215.1,142.8,1.5,248.0,0.0,55.3,0.0,0.0
2026-03-24T15:06:00Z,228.23,1739.5,8.13,0.937,49.97,14.2816,114.25,1335.0,142.2,1.6,196.8,0.0,63.9,0.0,0.0
2026-03-24T15:07:00Z,227.67,1555.3,7.23,0.945,50.05,14.3075,114.46,1165.2,147.5,1.8,181.2,0.0,59.6,0.0,0.0
2026-03-24T15:08:00Z,227.5,1618.1,7.66,0.929,49.96,14.3345,114.68,1246.6,153.3,1.4,161.4,0.0,55.4,0.0,0.0
2026-03-24T15:09:00Z,227.66,1769.8,8.36,0.93,50.02,14.364,114.91,1397.7,154.0,1.7,150.5,0.0,65.9,0.0,0.0
2026-03-24T15:10:00Z,228.09,1527.0,7.2,0.93,49.99,14.3895,115.12,1153.4,135.4,1.6,172.3,0.0,64.3,0.0,0.0
2026-03-24T15:11:00Z,228.81,1498.4,6.92,0.946,50.05,14.4144,115.32,1114.2,154.5,1.7,162.2,0.0,65.8,0.0,0.0
2026-03-24T15:12:00Z,228.61,1677.4,7.86,0.933,50.04,14.4424,115.54,1251.6,138.7,1.7,218.9,0.0,66.5,0.0,0.0
2026-03-24T15:13:00Z,227.9,1600.9,7.44,0.944,50.01,14.4691,115.75,1166.5,136.5,1.3,238.4,0.0,58.2,0.0,0.0
2026-03-24T15:14:00Z,228.47,1799.0,8.41,0.936,50.03,14.499,115.99,1348.7,149.2,1.2,244.7,0.0,55.2,0.0,0.0
2026-03-24T15:15:00Z,228.71,1815.1,8.42,0.943,50.02,14.5293,116.23,1380.0,139.2,1.4,235.3,0.0,59.2,0.0,0.0
2026-03-24T15:16:00Z,227.12,1520.2,7.11,0.941,50.03,14.5546,116.44,1149.9,138.3,1.8,171.3,0.0,58.9,0.0,0.0
2026-03-24T15:17:00Z,228.69,1732.5,8.14,0.931,50.01,14.5835,116.67,1270.8,153.7,1.6,250.2,0.0,56.2,0.0,0.0
2026-03-24T15:18:00Z,227.71,1483.6,6.98,0.933,49.99,14.6082,116.87,1116.7,149.6,1.2,154.7,0.0,61.4,0.0,0.0
2026-03-24T15:19:00Z,227.86,1774.6,8.32,0.936,49.96,14.6378,117.1,1372.4,149.1,1.3,188.3,0.0,63.5,0.0,0.0
2026-03-24T15:20:00Z,228.25,1588.3,7.38,0.943,50.05,14.6643,117.31,1336.3,10.3,1.8,176.4,0.0,63.5,0.0,0.0
2026-03-24T15:21:00Z,227.18,1600.9,7.52,0.937,49.96,14.691,117.53,1361.3,10.3,1.3,160.6,0.0,67.4,0.0,0.0
2026-03-24T15:22:00Z,228.19,1743.7,8.2,0.932,50.02,14.72,117.76,1429.6,13.2,1.2,239.7,0.0,60.0,0.0,0.0
2026-03-24T15:23:00Z,227.39,1440.0,6.77,0.936,50.01,14.744,117.95,1116.0,10.3,1.7,253.1,0.0,58.9,0.0,0.0
2026-03-24T15:24:00Z,227.44,1394.2,6.59,0.93,50.02,14.7673,118.14,1148.1,11.5,1.3,172.6,0.0,60.7,0.0,0.0
2026-03-24T15:25:00Z,227.86,1377.5,6.41,0.943,49.98,14.7902,118.32,1137.0,10.5,1.5,160.9,0.0,67.6,0.0,0.0
2026-03-24T15:26:00Z,228.55,1541.4,7.25,0.93,50.05,14.8159,118.53,1314.7,9.1,1.5,153.2,0.0,62.9,0.0,0.0
2026-03-24T15:27:00Z,227.05,1716.0,8.04,0.94,50.03,14.8445,118.76,1403.6,10.8,1.3,240.9,0.0,59.4,0.0,0.0
2026-03-24T15:28:00Z,228.72,1372.2,6.48,0.926,49.97,14.8674,118.94,1130.4,9.4,1.2,173.6,0.0,57.6,0.0,0.0
2026-03-24T15:29:00Z,228.78,1418.0,6.62,0.936,50.01,14.891,119.13,1143.5,13.8,1.6,198.5,0.0,60.6,0.0,0.0
2026-03-24T15:30:00Z,227.9,1603.8,7.45,0.944,49.98,14.9177,119.34,1391.0,12.6,1.3,142.3,0.0,56.6,0.0,0.0
2026-03-24T15:31:00Z,227.64,1517.2,7.11,0.938,49.96,14.943,119.54,1263.1,11.2,1.6,179.9,0.0,61.4,0.0,0.0
2026-03-24T15:32:00Z,228.0,1675.0,7.78,0.944,49.99,14.971,119.77,1406.7,9.3,1.7,196.2,0.0,61.1,0.0,0.0
2026-03-24T15:33:00Z,228.04,1496.6,7.04,0.932,49.96,14.9959,119.97,1232.2,12.9,1.7,188.8,0.0,61.0,0.0,0.0
2026-03-24T15:34:00Z,228.63,1513.6,7.04,0.94,50.05,15.0211,120.17,1189.9,11.7,1.5,245.4,0.0,65.1,0.0,0.0
2026-03-24T15:35:00Z,227.71,1515.8,7.2,0.925,50.01,15.0464,120.37,1295.4,10.1,1.5,145.2,0.0,63.6,0.0,0.0
2026-03-24T15:36:00Z,227.53,1494.7,6.97,0.942,49.98,15.0713,120.57,1211.6,10.9,1.3,210.9,0.0,60.0,0.0,0.0
2026-03-24T15:37:00Z,227.36,1674.8,7.91,0.931,49.95,15.0992,120.79,1418.5,11.8,1.7,176.4,0.0,66.4,0.0,0.0
2026-03-24T15:38:00Z,228.59,1545.1,7.2,0.939,49.97,15.125,121.0,1319.8,11.8,1.6,147.9,0.0,64.0,0.0,0.0
2026-03-24T15:39:00Z,227.59,1584.7,7.43,0.937,50.0,15.1514,121.21,1286.2,12.6,1.4,224.5,0.0,60.0,0.0,0.0
2026-03-24T15:40:00Z,227.41,1590.7,7.49,0.934,50.02,15.1779,121.42,1292.6,11.6,1.7,227.6,0.0,57.2,0.0,0.0
2026-03-24T15:41:00Z,227.93,1631.8,7.64,0.937,50.0,15.2051,121.64,1382.1,13.2,1.7,178.1,0.0,56.7,0.0,0.0
2026-03-24T15:42:00Z,227.4,1449.0,6.82,0.934,50.02,15.2292,121.83,1185.1,9.3,1.4,198.1,0.0,55.1,0.0,0.0
2026-03-24T15:43:00Z,227.74,1609.7,7.62,0.927,49.95,15.2561,122.05,1305.9,9.4,1.7,226.1,0.0,66.6,0.0,0.0
2026-03-24T15:44:00Z,227.58,1516.3,7.08,0.941,50.0,15.2813,122.25,1255.1,9.7,1.3,182.6,0.0,67.6,0.0,0.0
2026-03-24T15:45:00Z,227.99,1760.7,8.21,0.941,50.03,15.3107,122.49,1339.2,150.0,1.4,210.6,0.0,59.5,0.0,0.0
2026-03-24T15:46:00Z,227.1,1575.0,7.5,0.925,49.97,15.3369,122.7,1202.1,146.3,1.6,160.3,0.0,64.7,0.0,0.0
2026-03-24T15:47:00Z,227.68,1603.8,7.49,0.941,49.98,15.3637,122.91,1152.5,137.8,1.2,245.3,0.0,67.0,0.0,0.0
2026-03-24T15:48:00Z,227.55,1804.9,8.57,0.926,49.98,15.3937,123.15,1371.1,150.2,1.7,226.7,0.0,55.2,0.0,0.0
2026-03-24T15:49:00Z,228.63,1638.9,7.64,0.938,50.0,15.4211,123.37,1217.0,136.0,1.3,217.6,0.0,67.0,0.0,0.0
2026-03-24T15:50:00Z,228.48,1752.1,8.22,0.933,50.05,15.4503,123.6,1346.5,144.9,1.6,193.1,0.0,66.0,0.0,0.0
2026-03-24T15:51:00Z,227.72,1667.2,7.86,0.932,49.98,15.478,123.82,1280.8,142.7,1.3,185.8,0.0,56.6,0.0,0.0
2026-03-24T15:52:00Z,227.59,1729.2,8.16,0.931,50.04,15.5069,124.05,1365.5,140.9,1.7,160.3,0.0,60.8,0.0,0.0
2026-03-24T15:53:00Z,227.85,1600.0,7.57,0.928,49.99,15.5335,124.27,1194.4,148.9,1.4,188.7,0.0,66.6,0.0,0.0
2026-03-24T15:54:00Z,227.24,1574.7,7.44,0.931,50.05,15.5598,124.48,1140.5,154.0,1.6,212.3,0.0,66.3,0.0,0.0
2026-03-24T15:55:00Z,227.43,1604.7,7.51,0.94,49.96,15.5865,124.69,1241.0,152.2,1.7,151.5,0.0,58.3,0.0,0.0
2026-03-24T15:56:00Z,227.04,1676.9,7.95,0.929,50.04,15.6145,124.92,1251.7,147.3,1.3,211.7,0.0,64.9,0.0,0.0
2026-03-24T15:57:00Z,227.25,1706.1,8.07,0.93,49.95,15.6429,125.14,1295.4,148.1,1.7,203.3,0.0,57.6,0.0,0.0
2026-03-24T15:58:00Z,228.13,1538.2,7.22,0.934,49.98,15.6685,125.35,1139.8,138.7,1.4,200.9,0.0,57.4,0.0,0.0
2026-03-24T15:59:00Z,228.4,1617.6,7.6,0.932,49.99,15.6955,125.56,1159.0,148.6,1.5,241.1,0.0,67.4,0.0,0.0
2026-03-24T16:00:00Z,228.48,1554.7,7.36,0.925,49.95,15.7214,125.77,1121.0,154.2,1.8,216.7,0.0,61.0,0.0,0.0
2026-03-24T16:01:00Z,227.48,365.6,1.74,0.923,50.04,15.7275,125.82,4.9,152.2,1.7,143.3,0.0,63.5,0.0,0.0
2026-03-24T16:02:00Z,226.95,387.5,1.82,0.937,50.01,15.734,125.87,4.3,139.0,1.3,184.1,0.0,58.8,0.0,0.0
2026-03-24T16:03:00Z,227.33,359.7,1.71,0.926,50.05,15.74,125.92,4.7,136.0,1.5,155.8,0.0,61.7,0.0,0.0
2026-03-24T16:04:00Z,227.6,424.6,2.01,0.926,49.98,15.747,125.98,4.3,141.1,1.4,210.2,0.0,67.6,0.0,0.0
2026-03-24T16:05:00Z,227.06,302.5,1.43,0.929,50.0,15.7521,126.02,4.7,13.4,1.6,226.6,0.0,56.2,0.0,0.0
2026-03-24T16:06:00Z,227.55,317.0,1.51,0.92,50.02,15.7574,126.06,4.5,10.8,1.4,236.6,0.0,63.7,0.0,0.0
2026-03-24T16:07:00Z,227.02,307.8,1.47,0.922,50.05,15.7625,126.1,4.1,10.5,1.7,233.6,0.0,57.9,0.0,0.0
2026-03-24T16:08:00Z,227.42,254.2,1.19,0.936,50.0,15.7667,126.13,4.6,13.9,1.6,174.7,0.0,59.4,0.0,0.0
2026-03-24T16:09:00Z,228.07,252.4,1.18,0.935,50.0,15.7709,126.17,4.2,10.9,1.7,171.0,0.0,64.6,0.0,0.0
2026-03-24T16:10:00Z,228.34,222.7,1.05,0.933,50.03,15.7746,126.2,4.8,12.8,1.6,144.8,0.0,58.7,0.0,0.0
2026-03-24T16:11:00Z,227.51,323.1,1.52,0.936,49.95,15.78,126.24,4.4,13.6,1.5,243.2,0.0,60.4,0.0,0.0
2026-03-24T16:12:00Z,228.76,331.6,1.58,0.919,50.04,15.7856,126.28,4.6,11.5,1.7,257.9,0.0,55.9,0.0,0.0
2026-03-24T16:13:00Z,228.27,258.7,1.22,0.927,49.95,15.7899,126.32,4.9,11.3,1.5,180.3,0.0,60.7,0.0,0.0
2026-03-24T16:14:00Z,228.25,271.7,1.29,0.925,50.04,15.7944,126.36,5.0,10.7,1.2,199.5,0.0,55.3,0.0,0.0
2026-03-24T16:15:00Z,227.56,321.7,1.51,0.934,50.02,15.7998,126.4,5.0,12.6,1.3,247.0,0.0,55.8,0.0,0.0
2026-03-24T16:16:00Z,227.16,266.4,1.27,0.921,49.98,15.8042,126.43,4.6,10.5,1.4,189.4,0.0,60.5,0.0,0.0
2026-03-24T16:17:00Z,227.84,314.0,1.49,0.924,50.02,15.8094,126.48,4.6,11.1,1.8,240.4,0.0,56.1,0.0,0.0
2026-03-24T16:18:00Z,228.49,227.0,1.08,0.923,50.05,15.8132,126.51,4.0,12.6,1.8,142.4,0.0,66.2,0.0,0.0
2026-03-24T16:19:00Z,227.33,280.1,1.32,0.932,50.0,15.8179,126.54,4.6,12.1,1.5,204.8,0.0,57.1,0.0,0.0
2026-03-24T16:20:00Z,227.29,339.9,1.61,0.927,49.95,15.8235,126.59,4.5,11.8,1.5,259.8,0.0,62.3,0.0,0.0
2026-03-24T16:21:00Z,227.1,226.4,1.08,0.924,50.01,15.8273,126.62,4.3,9.7,1.3,148.9,0.0,62.2,0.0,0.0
2026-03-24T16:22:00Z,228.09,324.5,1.54,0.923,50.04,15.8327,126.66,4.1,12.3,1.3,239.5,0.0,67.3,0.0,0.0
2026-03-24T16:23:00Z,227.36,334.3,1.6,0.921,49.98,15.8383,126.71,4.4,9.2,1.7,254.9,0.0,64.1,0.0,0.0
2026-03-24T16:24:00Z,227.15,315.1,1.48,0.935,50.04,15.8436,126.75,4.9,10.7,1.3,231.4,0.0,66.8,0.0,0.0
2026-03-24T16:25:00Z,228.01,288.9,1.36,0.929,49.98,15.8484,126.79,4.3,10.1,1.6,206.7,0.0,66.2,0.0,0.0
2026-03-24T16:26:00Z,228.0,261.7,1.25,0.918,49.98,15.8527,126.82,4.7,14.0,1.5,179.9,0.0,61.6,0.0,0.0
2026-03-24T16:27:00Z,226.82,218.8,1.03,0.934,49.99,15.8564,126.85,4.1,9.3,1.4,140.1,0.0,63.9,0.0,0.0
2026-03-24T16:28:00Z,227.29,315.7,1.49,0.932,49.98,15.8616,126.89,4.2,9.7,1.6,242.5,0.0,57.7,0.0,0.0
2026-03-24T16:29:00Z,228.43,268.6,1.27,0.926,49.99,15.8661,126.93,4.4,9.4,1.5,188.2,0.0,65.1,0.0,0.0
2026-03-24T16:30:00Z,227.86,403.6,1.9,0.933,50.0,15.8728,126.98,4.0,155.0,1.7,181.3,0.0,61.6,0.0,0.0
2026-03-24T16:31:00Z,227.68,438.2,2.09,0.919,49.96,15.8801,127.04,4.1,151.0,1.3,226.0,0.0,55.8,0.0,0.0
2026-03-24T16:32:00Z,226.93,386.7,1.84,0.928,49.98,15.8866,127.09,4.7,144.2,1.5,169.5,0.0,66.8,0.0,0.0
2026-03-24T16:33:00Z,228.32,453.7,2.15,0.923,49.96,15.8942,127.15,4.8,144.0,1.3,237.9,0.0,65.7,0.0,0.0
2026-03-24T16:34:00Z,228.64,369.0,1.75,0.921,50.0,15.9003,127.2,4.3,144.8,1.7,158.4,0.0,59.8,0.0,0.0
2026-03-24T16:35:00Z,226.8,433.7,2.07,0.925,49.96,15.9075,127.26,4.4,137.8,1.7,231.6,0.0,58.2,0.0,0.0
2026-03-24T16:36:00Z,226.77,381.2,1.81,0.927,50.04,15.9139,127.31,4.1,149.0,1.4,160.2,0.0,66.5,0.0,0.0
2026-03-24T16:37:00Z,226.77,431.3,2.05,0.928,50.05,15.9211,127.37,4.2,152.8,1.3,212.9,0.0,60.1,0.0,0.0
2026-03-24T16:38:00Z,227.04,370.2,1.75,0.93,50.02,15.9272,127.42,4.8,151.5,1.5,147.0,0.0,65.4,0.0,0.0
2026-03-24T16:39:00Z,228.56,364.5,1.72,0.927,50.03,15.9333,127.47,4.3,139.8,1.4,163.3,0.0,55.7,0.0,0.0
2026-03-24T16:40:00Z,227.32,374.0,1.79,0.919,49.95,15.9395,127.52,4.1,151.6,1.7,151.8,0.0,64.8,0.0,0.0
2026-03-24T16:41:00Z,227.21,435.7,2.08,0.924,49.96,15.9468,127.57,4.5,151.4,1.5,218.8,0.0,59.5,0.0,0.0
2026-03-24T16:42:00Z,227.66,411.8,1.94,0.933,49.99,15.9537,127.63,4.2,149.5,1.3,196.7,0.0,60.1,0.0,0.0
2026-03-24T16:43:00Z,227.82,382.7,1.82,0.922,50.0,15.9601,127.68,4.7,154.3,1.7,158.9,0.0,63.1,0.0,0.0
2026-03-24T16:44:00Z,228.24,436.2,2.08,0.918,50.02,15.9673,127.74,4.3,135.6,1.8,232.7,0.0,61.8,0.0,0.0
2026-03-24T16:45:00Z,228.15,360.8,1.72,0.917,50.0,15.9733,127.79,4.4,143.8,1.6,149.0,0.0,62.0,0.0,0.0
2026-03-24T16:46:00Z,228.37,412.9,1.96,0.922,49.99,15.9802,127.84,4.1,141.4,1.8,198.7,0.0,66.9,0.0,0.0
2026-03-24T16:47:00Z,226.93,386.0,1.83,0.928,50.05,15.9867,127.89,4.9,142.8,1.5,169.3,0.0,67.5,0.0,0.0
2026-03-24T16:48:00Z,228.51,363.5,1.72,0.923,50.04,15.9927,127.94,4.3,141.3,1.5,161.1,0.0,55.3,0.0,0.0
2026-03-24T16:49:00Z,227.69,445.2,2.11,0.926,50.03,16.0001,128.0,4.6,135.2,1.7,236.9,0.0,66.8,0.0,0.0
2026-03-24T16:50:00Z,227.37,257.2,1.22,0.931,50.01,16.0044,128.04,4.5,13.8,1.3,170.4,0.0,67.2,0.0,0.0
2026-03-24T16:51:00Z,228.18,240.6,1.15,0.919,50.04,16.0084,128.07,4.5,11.5,1.3,166.5,0.0,56.8,0.0,0.0
2026-03-24T16:52:00Z,227.41,298.4,1.42,0.922,50.03,16.0134,128.11,4.2,12.9,1.4,219.0,0.0,60.9,0.0,0.0
2026-03-24T16:53:00Z,228.49,272.2,1.28,0.93,50.0,16.0179,128.14,4.2,9.5,1.8,197.2,0.0,59.5,0.0,0.0
2026-03-24T16:54:00Z,227.8,220.3,1.05,0.921,50.03,16.0216,128.17,4.4,9.5,1.5,141.0,0.0,63.9,0.0,0.0
2026-03-24T16:55:00Z,227.38,333.0,1.6,0.916,50.01,16.0272,128.22,4.7,9.8,1.3,251.2,0.0,66.0,0.0,0.0
2026-03-24T16:56:00Z,227.87,308.8,1.48,0.916,49.97,16.0323,128.26,4.5,13.2,1.4,228.9,0.0,60.8,0.0,0.0
2026-03-24T16:57:00Z,227.23,272.6,1.31,0.919,49.97,16.0368,128.29,4.2,12.0,1.8,197.3,0.0,57.3,0.0,0.0
2026-03-24T16:58:00Z,227.39,296.7,1.4,0.932,50.0,16.0418,128.33,4.9,9.8,1.7,218.8,0.0,61.5,0.0,0.0
2026-03-24T16:59:00Z,227.91,294.2,1.39,0.927,50.03,16.0467,128.37,4.6,13.0,1.4,212.9,0.0,62.3,0.0,0.0
2026-03-24T17:00:00Z,227.73,318.3,1.5,0.931,49.98,16.052,128.42,4.2,9.8,1.4,240.7,0.0,62.2,0.0,0.0
2026-03-24T17:01:00Z,227.27,203.8,0.98,0.916,49.96,16.0554,128.44,4.4,13.2,1.8,184.4,0.0,0.0,0.0,0.0
2026-03-24T17:02:00Z,227.24,185.9,0.88,0.927,49.97,16.0585,128.47,4.9,11.7,1.5,167.8,0.0,0.0,0.0,0.0
2026-03-24T17:03:00Z,227.9,255.2,1.21,0.929,50.01,16.0627,128.5,4.4,13.2,1.3,236.3,0.0,0.0,0.0,0.0
2026-03-24T17:04:00Z,226.68,257.1,1.23,0.924,50.05,16.067,128.54,4.5,10.3,1.5,240.8,0.0,0.0,0.0,0.0
2026-03-24T17:05:00Z,226.96,158.8,0.75,0.929,49.96,16.0697,128.56,4.1,9.5,1.4,143.8,0.0,0.0,0.0,0.0
2026-03-24T17:06:00Z,226.93,231.2,1.11,0.916,49.96,16.0735,128.59,4.3,13.0,1.5,212.4,0.0,0.0,0.0,0.0
2026-03-24T17:07:00Z,228.47,238.9,1.14,0.916,49.95,16.0775,128.62,4.6,12.6,1.4,220.3,0.0,0.0,0.0,0.0
2026-03-24T17:08:00Z,227.88,259.1,1.23,0.921,50.05,16.0818,128.65,4.6,12.6,1.5,240.4,0.0,0.0,0.0,0.0
2026-03-24T17:09:00Z,228.44,210.8,0.99,0.929,50.0,16.0853,128.68,4.2,11.3,1.8,193.5,0.0,0.0,0.0,0.0
2026-03-24T17:10:00Z,227.49,160.1,0.77,0.913,49.99,16.088,128.7,4.1,13.3,1.2,141.5,0.0,0.0,0.0,0.0
2026-03-24T17:11:00Z,228.31,264.7,1.25,0.93,49.97,16.0924,128.74,4.5,12.7,1.5,246.0,0.0,0.0,0.0,0.0
2026-03-24T17:12:00Z,228.1,254.3,1.22,0.917,49.98,16.0967,128.77,4.3,13.2,1.7,235.1,0.0,0.0,0.0,0.0
2026-03-24T17:13:00Z,228.11,177.7,0.85,0.914,50.01,16.0996,128.8,4.6,11.1,1.3,160.7,0.0,0.0,0.0,0.0
2026-03-24T17:14:00Z,227.36,203.1,0.97,0.922,49.98,16.103,128.82,4.6,11.0,1.3,186.2,0.0,0.0,0.0,0.0
2026-03-24T17:15:00Z,227.01,400.1,1.89,0.931,49.98,16.1097,128.88,4.4,151.2,1.8,242.7,0.0,0.0,0.0,0.0
2026-03-24T17:16:00Z,227.23,333.4,1.58,0.928,49.99,16.1152,128.92,4.1,150.3,1.3,177.7,0.0,0.0,0.0,0.0
2026-03-24T17:17:00Z,227.24,325.1,1.56,0.918,49.96,16.1207,128.97,4.5,141.4,1.3,177.9,0.0,0.0,0.0,0.0
2026-03-24T17:18:00Z,227.56,377.6,1.8,0.921,50.04,16.1269,129.02,4.9,143.3,1.7,227.7,0.0,0.0,0.0,0.0
2026-03-24T17:19:00Z,226.65,356.7,1.72,0.915,49.96,16.1329,129.06,5.0,152.6,1.3,197.8,0.0,0.0,0.0,0.0
2026-03-24T17:20:00Z,226.73,351.1,1.69,0.916,49.96,16.1387,129.11,4.4,140.3,1.5,204.9,0.0,0.0,0.0,0.0
2026-03-24T17:21:00Z,227.44,386.2,1.84,0.924,50.01,16.1452,129.16,4.5,154.3,1.4,226.0,0.0,0.0,0.0,0.0
2026-03-24T17:22:00Z,227.58,371.7,1.76,0.929,49.96,16.1514,129.21,4.3,136.0,1.8,229.6,0.0,0.0,0.0,0.0
2026-03-24T17:23:00Z,226.84,358.1,1.71,0.925,50.03,16.1573,129.26,4.5,152.6,1.2,199.8,0.0,0.0,0.0,0.0
2026-03-24T17:24:00Z,228.21,305.9,1.45,0.925,49.99,16.1624,129.3,4.8,154.0,1.5,145.6,0.0,0.0,0.0,0.0
2026-03-24T17:25:00Z,226.82,392.7,1.87,0.924,50.0,16.169,129.35,4.6,145.7,1.7,240.7,0.0,0.0,0.0,0.0
2026-03-24T17:26:00Z,226.84,399.9,1.91,0.925,50.01,16.1757,129.41,4.8,151.1,1.7,242.3,0.0,0.0,0.0,0.0
2026-03-24T17:27:00Z,228.33,360.9,1.73,0.914,49.97,16.1817,129.45,4.2,140.5,1.8,214.4,0.0,0.0,0.0,0.0
2026-03-24T17:28:00Z,226.56,386.3,1.84,0.929,49.98,16.1881,129.5,4.1,144.9,1.7,235.6,0.0,0.0,0.0,0.0
2026-03-24T17:29:00Z,227.24,317.5,1.53,0.912,50.0,16.1934,129.55,4.3,136.5,1.3,175.4,0.0,0.0,0.0,0.0
2026-03-24T17:30:00Z,226.9,357.4,1.71,0.922,49.97,16.1994,129.59,4.8,151.1,1.3,200.2,0.0,0.0,0.0,0.0
2026-03-24T17:31:00Z,227.11,398.1,1.92,0.915,49.97,16.206,129.65,4.5,144.4,1.4,247.8,0.0,0.0,0.0,0.0
2026-03-24T17:32:00Z,228.03,371.7,1.75,0.93,49.95,16.2122,129.7,4.6,139.3,1.6,226.2,0.0,0.0,0.0,0.0
2026-03-24T17:33:00Z,227.76,365.3,1.74,0.92,49.97,16.2183,129.75,4.5,153.1,1.2,206.5,0.0,0.0,0.0,0.0
2026-03-24T17:34:00Z,228.16,303.7,1.43,0.93,50.04,16.2233,129.79,4.8,137.9,1.4,159.6,0.0,0.0,0.0,0.0
2026-03-24T17:35:00Z,227.77,207.0,0.98,0.93,50.02,16.2268,129.81,4.9,9.7,1.7,190.7,0.0,0.0,0.0,0.0
2026-03-24T17:36:00Z,227.57,165.6,0.8,0.911,50.04,16.2295,129.84,4.3,13.2,1.2,146.9,0.0,0.0,0.0,0.0
2026-03-24T17:37:00Z,226.69,229.5,1.09,0.925,50.03,16.2334,129.87,4.0,9.4,1.7,214.4,0.0,0.0,0.0,0.0
2026-03-24T17:38:00Z,227.19,255.6,1.22,0.919,49.95,16.2376,129.9,4.0,14.0,1.5,236.1,0.0,0.0,0.0,0.0
2026-03-24T17:39:00Z,227.54,216.3,1.03,0.927,50.0,16.2412,129.93,4.2,11.5,1.3,199.3,0.0,0.0,0.0,0.0
2026-03-24T17:40:00Z,227.84,176.4,0.84,0.919,49.98,16.2442,129.95,4.4,9.2,1.6,161.2,0.0,0.0,0.0,0.0
2026-03-24T17:41:00Z,227.21,195.3,0.93,0.922,50.03,16.2474,129.98,4.4,9.7,1.4,179.8,0.0,0.0,0.0,0.0
2026-03-24T17:42:00Z,227.63,218.8,1.04,0.927,50.04,16.2511,130.01,4.5,14.0,1.7,198.6,0.0,0.0,0.0,0.0
2026-03-24T17:43:00Z,227.77,260.3,1.25,0.912,50.0,16.2554,130.04,4.7,12.1,1.7,241.8,0.0,0.0,0.0,0.0
2026-03-24T17:44:00Z,228.45,191.1,0.92,0.913,49.97,16.2586,130.07,4.8,13.9,1.4,171.0,0.0,0.0,0.0,0.0
2026-03-24T17:45:00Z,227.35,272.2,1.3,0.922,50.04,16.2631,130.11,4.3,13.1,1.7,253.1,0.0,0.0,0.0,0.0
2026-03-24T17:46:00Z,226.62,237.7,1.13,0.927,50.01,16.2671,130.14,4.8,11.4,1.5,220.0,0.0,0.0,0.0,0.0
2026-03-24T17:47:00Z,226.95,216.3,1.02,0.93,49.96,16.2707,130.17,4.3,9.3,1.4,201.3,0.0,0.0,0.0,0.0
2026-03-24T17:48:00Z,226.57,222.5,1.06,0.923,49.95,16.2744,130.2,4.1,11.1,1.2,206.1,0.0,0.0,0.0,0.0
2026-03-24T17:49:00Z,227.45,209.1,0.99,0.929,49.96,16.2779,130.22,4.7,10.1,1.3,193.0,0.0,0.0,0.0,0.0
2026-03-24T17:50:00Z,227.3,185.5,0.89,0.917,49.99,16.281,130.25,4.2,12.3,1.7,167.3,0.0,0.0,0.0,0.0
2026-03-24T17:51:00Z,227.81,247.2,1.18,0.922,50.03,16.2851,130.28,4.6,13.1,1.4,228.1,0.0,0.0,0.0,0.0
2026-03-24T17:52:00Z,226.58,194.4,0.94,0.915,50.04,16.2883,130.31,4.9,13.7,1.4,174.4,0.0,0.0,0.0,0.0
2026-03-24T17:53:00Z,227.23,187.8,0.89,0.925,49.98,16.2915,130.33,4.2,11.5,1.8,170.3,0.0,0.0,0.0,0.0
2026-03-24T17:54:00Z,227.08,225.7,1.08,0.923,50.01,16.2952,130.36,5.0,9.4,1.5,209.8,0.0,0.0,0.0,0.0
2026-03-24T17:55:00Z,227.19,205.7,0.99,0.916,50.04,16.2987,130.39,4.5,10.0,1.3,189.9,0.0,0.0,0.0,0.0
2026-03-24T17:56:00Z,227.48,207.0,1.0,0.912,49.98,16.3021,130.42,4.8,12.6,1.3,188.3,0.0,0.0,0.0,0.0
2026-03-24T17:57:00Z,227.37,248.4,1.18,0.926,50.02,16.3063,130.45,4.6,11.7,1.7,230.4,0.0,0.0,0.0,0.0
2026-03-24T17:58:00Z,228.03,228.3,1.08,0.928,50.04,16.3101,130.48,4.3,9.3,1.6,213.1,0.0,0.0,0.0,0.0
2026-03-24T17:59:00Z,228.24,241.7,1.16,0.914,50.04,16.3141,130.51,4.6,10.6,1.5,225.0,0.0,0.0,0.0,0.0
2026-03-24T18:00:00Z,227.34,311.5,1.49,0.918,49.99,16.3193,130.56,4.3,141.3,1.3,145.2,19.4,0.0,0.0,0.0
2026-03-24T18:01:00Z,227.84,415.6,1.99,0.915,49.96,16.3262,130.63,4.7,151.6,1.5,237.9,19.9,0.0,0.0,0.0
2026-03-24T18:02:00Z,226.98,379.1,1.82,0.916,49.96,16.3325,130.7,4.6,149.4,1.3,206.9,16.9,0.0,0.0,0.0
2026-03-24T18:03:00Z,226.86,383.6,1.84,0.92,50.04,16.3389,130.76,4.8,139.4,1.3,219.5,18.6,0.0,0.0,0.0
2026-03-24T18:04:00Z,228.03,418.2,2.0,0.918,49.98,16.3459,130.83,4.5,152.0,1.8,243.3,16.6,0.0,0.0,0.0
2026-03-24T18:05:00Z,228.0,345.2,1.65,0.917,50.04,16.3516,130.89,4.0,154.6,1.8,166.7,18.1,0.0,0.0,0.0
2026-03-24T18:06:00Z,227.1,384.3,1.84,0.918,49.96,16.3581,130.95,4.3,142.7,1.5,217.7,18.1,0.0,0.0,0.0
2026-03-24T18:07:00Z,228.47,398.2,1.89,0.921,49.95,16.3647,131.02,4.2,146.1,1.6,228.6,17.7,0.0,0.0,0.0
2026-03-24T18:08:00Z,226.79,350.6,1.67,0.928,49.98,16.3705,131.08,4.8,143.0,1.8,181.4,19.6,0.0,0.0,0.0
2026-03-24T18:09:00Z,228.29,362.3,1.71,0.928,49.98,16.3766,131.14,4.9,153.9,1.3,186.1,16.1,0.0,0.0,0.0
2026-03-24T18:10:00Z,227.46,428.4,2.03,0.927,50.01,16.3837,131.21,4.2,150.6,1.3,253.1,19.2,0.0,0.0,0.0
2026-03-24T18:11:00Z,226.51,390.2,1.89,0.911,50.02,16.3902,131.27,4.3,148.4,1.6,219.0,16.9,0.0,0.0,0.0
2026-03-24T18:12:00Z,226.98,376.5,1.78,0.93,50.0,16.3965,131.34,4.4,137.7,1.2,215.1,18.1,0.0,0.0,0.0
2026-03-24T18:13:00Z,226.95,367.2,1.77,0.912,49.95,16.4026,131.4,4.1,136.0,1.8,205.5,19.8,0.0,0.0,0.0
2026-03-24T18:14:00Z,227.05,366.9,1.77,0.913,49.96,16.4087,131.46,4.7,139.2,1.6,201.6,19.8,0.0,0.0,0.0
2026-03-24T18:15:00Z,226.76,419.6,2.03,0.911,50.0,16.4157,131.53,4.3,151.9,1.5,245.2,16.7,0.0,0.0,0.0
2026-03-24T18:16:00Z,228.5,354.0,1.68,0.92,50.04,16.4216,131.59,4.7,152.0,1.8,175.7,19.8,0.0,0.0,0.0
2026-03-24T18:17:00Z,226.79,429.7,2.05,0.926,50.0,16.4288,131.66,4.5,149.2,1.7,255.1,19.2,0.0,0.0,0.0
2026-03-24T18:18:00Z,227.09,364.0,1.75,0.918,50.03,16.4348,131.72,4.8,135.1,1.6,205.8,16.7,0.0,0.0,0.0
2026-03-24T18:19:00Z,228.43,322.7,1.53,0.922,50.03,16.4402,131.77,4.9,153.9,1.3,144.7,17.9,0.0,0.0,0.0
2026-03-24T18:20:00Z,228.41,252.4,1.21,0.911,49.98,16.4444,131.82,4.4,13.1,1.2,216.0,17.7,0.0,0.0,0.0
2026-03-24T18:21:00Z,226.56,200.5,0.97,0.913,50.04,16.4478,131.85,4.0,12.9,1.2,164.6,17.8,0.0,0.0,0.0
2026-03-24T18:22:00Z,228.01,222.7,1.06,0.925,50.05,16.4515,131.89,4.5,12.2,1.6,184.8,19.6,0.0,0.0,0.0
2026-03-24T18:23:00Z,226.8,256.1,1.22,0.927,50.01,16.4558,131.93,4.4,11.6,1.6,221.5,17.0,0.0,0.0,0.0
2026-03-24T18:24:00Z,226.58,191.5,0.91,0.926,50.0,16.4589,131.96,4.0,11.2,1.2,156.9,18.2,0.0,0.0,0.0
2026-03-24T18:25:00Z,228.34,182.6,0.86,0.926,50.0,16.462,131.99,4.6,9.7,1.7,147.7,18.9,0.0,0.0,0.0
2026-03-24T18:26:00Z,228.2,199.0,0.95,0.916,49.96,16.4653,132.02,4.9,9.3,1.6,165.4,17.8,0.0,0.0,0.0
2026-03-24T18:27:00Z,227.18,252.5,1.21,0.921,49.99,16.4695,132.07,4.5,9.1,1.5,221.3,16.1,0.0,0.0,0.0
2026-03-24T18:28:00Z,226.57,286.0,1.38,0.912,50.02,16.4743,132.11,4.0,12.0,1.6,248.6,19.8,0.0,0.0,0.0
2026-03-24T18:29:00Z,228.39,235.8,1.12,0.924,50.01,16.4782,132.15,4.8,11.5,1.7,199.5,18.3,0.0,0.0,0.0
2026-03-24T18:30:00Z,226.83,199.9,0.96,0.92,49.97,16.4815,132.19,4.7,10.1,1.5,166.7,16.9,0.0,0.0,0.0
2026-03-24T18:31:00Z,227.72,38.0,0.18,0.927,50.03,16.4822,132.19,4.3,10.7,1.6,2.9,18.5,0.0,0.0,0.0
2026-03-24T18:32:00Z,227.53,40.1,0.19,0.921,49.99,16.4828,132.2,4.5,10.9,1.7,3.2,19.8,0.0,0.0,0.0
2026-03-24T18:33:00Z,227.88,40.9,0.19,0.922,50.02,16.4835,132.21,4.8,13.0,1.8,2.7,18.6,0.0,0.0,0.0
2026-03-24T18:34:00Z,228.45,37.7,0.18,0.925,50.01,16.4842,132.21,4.9,10.6,1.7,2.5,18.0,0.0,0.0,0.0
2026-03-24T18:35:00Z,227.05,36.1,0.17,0.917,49.98,16.4848,132.22,4.5,9.2,1.6,3.2,17.6,0.0,0.0,0.0
2026-03-24T18:36:00Z,227.57,35.9,0.17,0.92,50.01,16.4854,132.23,4.8,10.3,1.4,2.5,16.9,0.0,0.0,0.0
2026-03-24T18:37:00Z,226.92,36.9,0.18,0.929,50.04,16.486,132.23,5.0,9.4,1.5,2.7,18.3,0.0,0.0,0.0
2026-03-24T18:38:00Z,227.58,39.2,0.19,0.918,50.02,16.4866,132.24,4.4,12.2,1.2,3.1,18.3,0.0,0.0,0.0
2026-03-24T18:39:00Z,227.89,40.2,0.19,0.916,50.03,16.4873,132.24,4.4,12.9,1.2,2.6,19.1,0.0,0.0,0.0
2026-03-24T18:40:00Z,228.34,36.7,0.18,0.917,49.96,16.4879,132.25,4.9,10.4,1.5,3.2,16.7,0.0,0.0,0.0
2026-03-24T18:41:00Z,227.86,40.5,0.19,0.914,49.95,16.4886,132.26,4.6,13.1,1.4,3.5,17.9,0.0,0.0,0.0
2026-03-24T18:42:00Z,226.81,37.3,0.18,0.93,49.98,16.4892,132.26,4.4,11.8,1.2,3.3,16.6,0.0,0.0,0.0
2026-03-24T18:43:00Z,227.6,38.6,0.18,0.931,50.01,16.4898,132.27,4.5,12.4,1.5,2.5,17.7,0.0,0.0,0.0
2026-03-24T18:44:00Z,226.65,39.6,0.19,0.915,50.01,16.4905,132.28,4.4,12.6,1.7,2.9,18.0,0.0,0.0,0.0
2026-03-24T18:45:00Z,226.63,174.7,0.84,0.913,50.0,16.4934,132.31,4.2,146.3,1.5,3.0,19.7,0.0,0.0,0.0
2026-03-24T18:46:00Z,228.41,171.6,0.82,0.921,50.0,16.4963,132.33,4.2,145.9,1.5,2.7,17.3,0.0,0.0,0.0
2026-03-24T18:47:00Z,226.99,174.4,0.84,0.92,50.0,16.4992,132.36,4.5,149.5,1.6,2.7,16.1,0.0,0.0,0.0
2026-03-24T18:48:00Z,228.28,177.2,0.85,0.913,49.97,16.5021,132.39,4.2,152.1,1.6,2.8,16.5,0.0,0.0,0.0
2026-03-24T18:49:00Z,227.25,166.9,0.8,0.922,50.03,16.5049,132.42,4.6,139.6,1.6,3.1,18.0,0.0,0.0,0.0
2026-03-24T18:50:00Z,228.3,165.5,0.79,0.922,50.0,16.5077,132.45,4.8,139.8,1.3,2.7,16.9,0.0,0.0,0.0
2026-03-24T18:51:00Z,227.23,166.7,0.8,0.918,49.99,16.5105,132.48,4.1,140.6,1.5,2.7,17.8,0.0,0.0,0.0
2026-03-24T18:52:00Z,227.81,166.2,0.78,0.931,50.03,16.5132,132.5,4.2,141.7,1.4,2.7,16.2,0.0,0.0,0.0
2026-03-24T18:53:00Z,228.49,169.7,0.8,0.928,50.04,16.516,132.53,5.0,143.4,1.6,3.1,16.6,0.0,0.0,0.0
2026-03-24T18:54:00Z,228.47,176.8,0.83,0.929,50.04,16.519,132.56,4.0,149.2,1.3,2.8,19.5,0.0,0.0,0.0
2026-03-24T18:55:00Z,228.12,171.7,0.82,0.916,50.04,16.5219,132.59,4.7,146.0,1.7,3.2,16.1,0.0,0.0,0.0
2026-03-24T18:56:00Z,227.02,174.2,0.83,0.922,49.97,16.5248,132.62,4.1,146.1,1.7,3.4,18.9,0.0,0.0,0.0
2026-03-24T18:57:00Z,227.84,176.7,0.84,0.925,50.02,16.5277,132.65,4.6,151.1,1.3,2.7,17.0,0.0,0.0,0.0
2026-03-24T18:58:00Z,226.95,176.0,0.84,0.925,49.96,16.5306,132.68,4.1,150.5,1.6,2.7,17.1,0.0,0.0,0.0
2026-03-24T18:59:00Z,227.97,167.4,0.79,0.931,50.04,16.5334,132.71,4.5,140.7,1.4,2.5,18.3,0.0,0.0,0.0
2026-03-24T19:00:00Z,228.37,287.9,1.36,0.925,50.0,16.5382,132.75,4.2,144.3,118.1,3.2,18.1,0.0,0.0,0.0
2026-03-24T19:01:00Z,227.99,275.0,1.31,0.921,49.98,16.5428,132.8,4.5,139.8,108.6,2.9,19.2,0.0,0.0,0.0
2026-03-24T19:02:00Z,227.46,282.8,1.36,0.915,50.03,16.5475,132.85,4.9,137.5,117.7,2.8,19.9,0.0,0.0,0.0
2026-03-24T19:03:00Z,226.71,264.0,1.28,0.913,50.05,16.5519,132.89,4.7,136.5,100.2,3.3,19.3,0.0,0.0,0.0
2026-03-24T19:04:00Z,226.77,268.5,1.29,0.921,50.01,16.5564,132.94,4.7,135.9,106.2,2.9,18.8,0.0,0.0,0.0
2026-03-24T19:05:00Z,227.48,137.4,0.66,0.919,50.03,16.5587,132.96,4.7,11.6,100.1,3.5,17.5,0.0,0.0,0.0
2026-03-24T19:06:00Z,227.82,142.4,0.68,0.919,50.0,16.5611,132.98,4.7,10.3,105.0,3.5,18.9,0.0,0.0,0.0
2026-03-24T19:07:00Z,227.39,154.8,0.73,0.927,50.0,16.5636,133.01,4.2,10.3,120.5,2.9,16.9,0.0,0.0,0.0
2026-03-24T19:08:00Z,227.47,146.5,0.69,0.929,49.96,16.5661,133.03,4.2,12.5,109.1,2.6,18.1,0.0,0.0,0.0
2026-03-24T19:09:00Z,226.86,149.4,0.71,0.928,50.02,16.5686,133.06,4.9,13.9,109.2,2.5,18.9,0.0,0.0,0.0
2026-03-24T19:10:00Z,227.12,144.3,0.69,0.92,50.04,16.571,133.08,4.9,10.9,108.6,3.1,16.8,0.0,0.0,0.0
2026-03-24T19:11:00Z,227.24,156.3,0.75,0.92,49.96,16.5736,133.11,4.4,11.1,120.4,3.4,17.0,0.0,0.0,0.0
2026-03-24T19:12:00Z,226.72,148.9,0.71,0.921,49.97,16.5761,133.13,4.7,12.3,109.1,3.1,19.7,0.0,0.0,0.0
2026-03-24T19:13:00Z,227.84,150.1,0.71,0.932,49.95,16.5786,133.16,4.4,13.4,111.2,3.0,18.1,0.0,0.0,0.0
2026-03-24T19:14:00Z,226.81,149.0,0.72,0.917,49.99,16.5811,133.18,5.0,13.6,110.0,2.7,17.7,0.0,0.0,0.0
2026-03-24T19:15:00Z,226.93,149.6,0.71,0.93,49.97,16.5835,133.21,4.0,10.5,114.5,2.9,17.7,0.0,0.0,0.0
2026-03-24T19:16:00Z,227.84,155.3,0.74,0.924,50.0,16.5861,133.23,4.9,11.2,119.9,2.7,16.6,0.0,0.0,0.0
2026-03-24T19:17:00Z,227.75,152.8,0.72,0.931,50.05,16.5887,133.26,4.7,9.5,118.6,2.8,17.2,0.0,0.0,0.0
2026-03-24T19:18:00Z,226.77,155.2,0.75,0.918,49.97,16.5913,133.28,4.3,12.2,119.2,2.6,16.9,0.0,0.0,0.0
2026-03-24T19:19:00Z,227.14,137.2,0.65,0.924,49.98,16.5936,133.31,4.4,12.0,100.8,3.4,16.6,0.0,0.0,0.0
2026-03-24T19:20:00Z,228.52,142.8,0.68,0.923,50.05,16.5959,133.33,4.8,11.9,106.1,2.7,17.3,0.0,0.0,0.0
2026-03-24T19:21:00Z,227.36,136.4,0.65,0.929,50.01,16.5982,133.35,4.8,11.5,100.8,2.8,16.5,0.0,0.0,0.0
2026-03-24T19:22:00Z,228.13,157.6,0.74,0.932,49.95,16.6008,133.38,4.1,11.0,124.0,2.5,16.0,0.0,0.0,0.0
2026-03-24T19:23:00Z,227.91,143.3,0.68,0.923,50.04,16.6032,133.4,4.7,10.5,105.0,3.2,19.9,0.0,0.0,0.0
2026-03-24T19:24:00Z,227.88,160.6,0.76,0.926,49.98,16.6059,133.43,5.0,11.2,123.7,2.8,17.9,0.0,0.0,0.0
2026-03-24T19:25:00Z,227.37,145.7,0.69,0.925,49.99,16.6083,133.46,4.5,9.8,111.3,3.5,16.6,0.0,0.0,0.0
2026-03-24T19:26:00Z,226.77,144.0,0.69,0.926,50.02,16.6107,133.48,4.6,9.6,110.7,2.9,16.2,0.0,0.0,0.0
2026-03-24T19:27:00Z,227.76,153.5,0.73,0.919,50.03,16.6133,133.5,4.4,9.6,118.0,2.9,18.6,0.0,0.0,0.0
2026-03-24T19:28:00Z,228.05,137.0,0.65,0.929,50.0,16.6156,133.53,4.9,10.1,102.1,2.6,17.3,0.0,0.0,0.0
2026-03-24T19:29:00Z,227.83,140.6,0.67,0.926,49.99,16.6179,133.55,4.5,11.4,104.3,2.8,17.6,0.0,0.0,0.0
2026-03-24T19:30:00Z,227.34,284.5,1.36,0.921,50.01,16.6227,133.6,4.4,152.1,106.2,3.4,18.4,0.0,0.0,0.0
2026-03-24T19:31:00Z,227.76,289.0,1.36,0.934,49.97,16.6275,133.65,4.8,141.3,123.3,3.4,16.2,0.0,0.0,0.0
2026-03-24T19:32:00Z,228.08,288.0,1.36,0.931,50.04,16.6323,133.69,4.6,149.6,115.1,2.7,16.0,0.0,0.0,0.0
2026-03-24T19:33:00Z,228.39,292.3,1.37,0.934,49.97,16.6371,133.74,4.3,145.4,121.0,2.6,19.0,0.0,0.0,0.0
2026-03-24T19:34:00Z,227.02,266.7,1.28,0.92,49.97,16.6416,133.79,4.3,141.9,99.5,3.4,17.6,0.0,0.0,0.0
2026-03-24T19:35:00Z,226.87,275.3,1.3,0.935,50.01,16.6462,133.83,4.6,152.3,96.5,3.4,18.5,0.0,0.0,0.0
2026-03-24T19:36:00Z,227.08,292.7,1.4,0.921,50.05,16.6511,133.88,4.4,148.1,120.5,3.4,16.3,0.0,0.0,0.0
2026-03-24T19:37:00Z,228.39,262.6,1.25,0.923,50.04,16.6554,133.93,5.0,136.2,99.7,2.6,19.1,0.0,0.0,0.0
2026-03-24T19:38:00Z,227.16,285.1,1.34,0.934,50.0,16.6602,133.97,4.5,137.9,121.0,3.4,18.3,0.0,0.0,0.0
2026-03-24T19:39:00Z,227.65,263.8,1.24,0.934,50.01,16.6646,134.02,4.9,141.8,95.7,2.9,18.5,0.0,0.0,0.0
2026-03-24T19:40:00Z,228.31,284.2,1.35,0.921,50.0,16.6693,134.06,4.5,140.4,119.1,3.4,16.8,0.0,0.0,0.0
2026-03-24T19:41:00Z,228.65,292.5,1.38,0.928,49.97,16.6742,134.11,4.9,154.9,111.5,2.5,18.7,0.0,0.0,0.0
2026-03-24T19:42:00Z,227.01,275.0,1.29,0.936,50.02,16.6788,134.16,4.7,148.5,100.7,3.1,18.0,0.0,0.0,0.0
2026-03-24T19:43:00Z,227.38,301.6,1.43,0.928,50.04,16.6838,134.21,4.9,154.9,119.0,3.0,19.8,0.0,0.0,0.0
2026-03-24T19:44:00Z,228.72,276.2,1.29,0.937,49.97,16.6884,134.26,4.9,138.3,112.9,3.4,16.7,0.0,0.0,0.0
2026-03-24T19:45:00Z,226.98,298.2,1.42,0.922,50.04,16.6934,134.31,4.7,152.0,120.2,2.6,18.7,0.0,0.0,0.0
2026-03-24T19:46:00Z,227.37,281.4,1.32,0.938,50.04,16.6981,134.35,4.9,152.8,102.4,3.1,18.2,0.0,0.0,0.0
2026-03-24T19:47:00Z,228.55,284.7,1.33,0.935,49.95,16.7028,134.4,4.4,151.0,108.7,3.3,17.3,0.0,0.0,0.0
2026-03-24T19:48:00Z,227.29,267.8,1.26,0.937,49.99,16.7073,134.44,5.0,137.7,105.4,3.3,16.4,0.0,0.0,0.0
2026-03-24T19:49:00Z,228.56,274.6,1.29,0.932,50.03,16.7118,134.49,4.9,147.9,101.7,3.4,16.7,0.0,0.0,0.0
2026-03-24T19:50:00Z,228.64,133.9,0.63,0.929,49.98,16.7141,134.51,4.7,12.9,95.8,3.0,17.5,0.0,0.0,0.0
2026-03-24T19:51:00Z,228.03,135.6,0.64,0.936,50.0,16.7163,134.54,4.9,11.3,98.1,3.1,18.2,0.0,0.0,0.0
2026-03-24T19:52:00Z,228.57,133.1,0.62,0.939,50.05,16.7186,134.56,4.2,11.1,95.7,3.1,19.0,0.0,0.0,0.0
2026-03-24T19:53:00Z,228.71,159.1,0.76,0.919,49.99,16.7212,134.58,5.0,13.9,119.9,2.7,17.6,0.0,0.0,0.0
2026-03-24T19:54:00Z,227.53,144.4,0.69,0.925,50.05,16.7236,134.61,5.0,9.2,109.0,2.6,18.6,0.0,0.0,0.0
2026-03-24T19:55:00Z,228.25,155.3,0.73,0.936,50.03,16.7262,134.63,4.7,10.1,118.2,3.2,19.1,0.0,0.0,0.0
2026-03-24T19:56:00Z,227.56,152.6,0.73,0.92,49.99,16.7287,134.66,4.2,13.7,115.0,3.4,16.3,0.0,0.0,0.0
2026-03-24T19:57:00Z,228.12,144.3,0.68,0.934,49.95,16.7312,134.68,4.5,12.1,105.8,3.1,18.8,0.0,0.0,0.0
2026-03-24T19:58:00Z,227.02,150.7,0.71,0.936,50.02,16.7337,134.71,4.8,13.8,110.3,2.7,19.1,0.0,0.0,0.0
2026-03-24T19:59:00Z,227.46,159.0,0.76,0.921,50.04,16.7363,134.73,4.0,10.4,121.4,3.5,19.7,0.0,0.0,0.0
2026-03-24T20:00:00Z,227.23,143.5,0.68,0.934,50.0,16.7387,134.76,4.4,11.9,106.0,2.8,18.4,0.0,0.0,0.0
2026-03-24T20:01:00Z,227.41,155.6,0.74,0.929,50.02,16.7413,134.78,4.9,12.9,116.9,3.0,17.9,0.0,0.0,0.0
2026-03-24T20:02:00Z,227.65,143.4,0.68,0.921,49.96,16.7437,134.81,4.5,9.4,109.5,2.7,17.3,0.0,0.0,0.0
2026-03-24T20:03:00Z,227.77,140.1,0.66,0.932,50.01,16.746,134.83,4.7,10.6,103.2,3.5,18.1,0.0,0.0,0.0
2026-03-24T20:04:00Z,227.76,134.3,0.63,0.933,50.01,16.7483,134.85,4.0,10.7,97.0,3.3,19.3,0.0,0.0,0.0
2026-03-24T20:05:00Z,227.65,159.5,0.75,0.932,50.04,16.7509,134.88,4.4,12.6,120.5,3.1,18.9,0.0,0.0,0.0
2026-03-24T20:06:00Z,227.58,138.7,0.65,0.932,50.03,16.7532,134.9,4.5,10.6,101.7,3.4,18.5,0.0,0.0,0.0
2026-03-24T20:07:00Z,227.96,147.8,0.69,0.935,49.97,16.7557,134.93,4.2,12.8,110.4,2.7,17.7,0.0,0.0,0.0
2026-03-24T20:08:00Z,228.71,142.8,0.67,0.927,50.0,16.7581,134.95,5.0,11.2,104.8,3.1,18.7,0.0,0.0,0.0
2026-03-24T20:09:00Z,228.34,145.5,0.69,0.926,50.04,16.7605,134.98,4.1,9.9,109.3,3.0,19.2,0.0,0.0,0.0
2026-03-24T20:10:00Z,227.53,150.5,0.71,0.93,50.04,16.763,135.0,4.8,12.2,111.2,3.1,19.2,0.0,0.0,0.0
2026-03-24T20:11:00Z,227.81,148.6,0.71,0.922,49.97,16.7655,135.03,4.0,12.4,110.2,3.0,19.0,0.0,0.0,0.0
2026-03-24T20:12:00Z,228.69,140.8,0.66,0.934,49.96,16.7678,135.05,4.8,13.6,101.2,3.4,17.8,0.0,0.0,0.0
2026-03-24T20:13:00Z,228.72,136.9,0.64,0.93,49.98,16.7701,135.07,4.0,9.1,101.4,3.0,19.4,0.0,0.0,0.0
2026-03-24T20:14:00Z,227.08,154.1,0.72,0.94,49.98,16.7727,135.1,4.8,9.5,120.8,2.9,16.1,0.0,0.0,0.0
2026-03-24T20:15:00Z,228.31,286.9,1.35,0.932,50.01,16.7775,135.15,4.1,151.3,109.1,3.2,19.2,0.0,0.0,0.0
2026-03-24T20:16:00Z,227.92,299.9,1.42,0.927,50.02,16.7825,135.2,4.5,150.1,122.7,3.3,19.3,0.0,0.0,0.0
2026-03-24T20:17:00Z,227.41,288.2,1.37,0.925,50.0,16.7873,135.24,4.7,136.3,124.6,2.6,20.0,0.0,0.0,0.0
2026-03-24T20:18:00Z,228.91,267.9,1.26,0.929,50.04,16.7917,135.29,4.2,145.6,96.4,3.3,18.4,0.0,0.0,0.0
2026-03-24T20:19:00Z,228.81,287.5,1.34,0.936,49.99,16.7965,135.34,4.9,154.5,108.5,3.2,16.4,0.0,0.0,0.0
2026-03-24T20:20:00Z,228.49,294.9,1.37,0.942,50.02,16.8014,135.39,4.1,148.6,119.7,2.7,19.8,0.0,0.0,0.0
2026-03-24T20:21:00Z,227.85,293.4,1.39,0.924,50.02,16.8063,135.44,4.6,154.9,113.2,3.5,17.2,0.0,0.0,0.0
2026-03-24T20:22:00Z,227.49,290.2,1.37,0.934,50.05,16.8112,135.48,4.3,142.8,121.9,3.4,17.8,0.0,0.0,0.0
2026-03-24T20:23:00Z,227.7,295.2,1.39,0.934,49.98,16.8161,135.53,4.7,151.2,118.6,3.3,17.4,0.0,0.0,0.0
2026-03-24T20:24:00Z,228.32,268.6,1.25,0.943,49.96,16.8206,135.58,4.6,139.0,102.0,3.3,19.7,0.0,0.0,0.0
2026-03-24T20:25:00Z,226.99,273.0,1.28,0.94,49.97,16.8251,135.62,4.4,152.4,95.6,3.1,17.5,0.0,0.0,0.0
2026-03-24T20:26:00Z,228.49,290.4,1.36,0.937,49.96,16.8299,135.67,5.0,150.3,115.5,3.5,16.1,0.0,0.0,0.0
2026-03-24T20:27:00Z,227.71,285.3,1.34,0.937,49.99,16.8347,135.72,4.0,141.3,118.6,2.9,18.5,0.0,0.0,0.0
2026-03-24T20:28:00Z,228.55,266.3,1.24,0.941,50.04,16.8391,135.76,4.6,139.7,101.3,3.2,17.5,0.0,0.0,0.0
2026-03-24T20:29:00Z,228.32,257.9,1.21,0.935,50.0,16.8434,135.81,4.7,136.7,96.2,2.8,17.5,0.0,0.0,0.0
2026-03-24T20:30:00Z,227.34,269.9,1.28,0.928,50.0,16.8479,135.85,4.9,144.8,99.9,2.8,17.5,0.0,0.0,0.0
2026-03-24T20:31:00Z,227.97,289.3,1.37,0.926,49.99,16.8528,135.9,4.9,153.8,109.8,3.1,17.7,0.0,0.0,0.0
2026-03-24T20:32:00Z,228.09,275.8,1.3,0.931,49.99,16.8574,135.95,4.5,135.9,114.9,2.7,17.8,0.0,0.0,0.0
2026-03-24T20:33:00Z,227.06,293.8,1.38,0.938,49.98,16.8623,135.99,4.3,149.9,117.2,3.4,19.0,0.0,0.0,0.0
2026-03-24T20:34:00Z,227.1,299.6,1.41,0.935,50.02,16.8672,136.04,4.8,153.1,121.3,3.0,17.4,0.0,0.0,0.0
2026-03-24T20:35:00Z,228.23,132.4,0.62,0.935,49.95,16.8695,136.07,4.6,10.6,95.2,3.1,18.9,0.0,0.0,0.0
2026-03-24T20:36:00Z,228.63,153.6,0.72,0.937,50.0,16.872,136.09,5.0,11.8,116.0,2.6,18.2,0.0,0.0,0.0
2026-03-24T20:37:00Z,228.6,154.5,0.72,0.938,49.98,16.8746,136.12,4.1,10.9,119.4,2.6,17.5,0.0,0.0,0.0
2026-03-24T20:38:00Z,227.48,149.8,0.71,0.933,50.02,16.8771,136.14,4.7,12.8,113.3,2.6,16.4,0.0,0.0,0.0
2026-03-24T20:39:00Z,227.18,141.1,0.66,0.941,49.97,16.8794,136.17,4.2,12.0,105.5,2.5,16.9,0.0,0.0,0.0
2026-03-24T20:40:00Z,227.83,142.4,0.66,0.942,50.05,16.8818,136.19,4.8,10.0,105.3,3.1,19.2,0.0,0.0,0.0
2026-03-24T20:41:00Z,227.43,159.8,0.75,0.94,49.99,16.8845,136.22,4.6,11.0,121.3,3.1,19.8,0.0,0.0,0.0
2026-03-24T20:42:00Z,228.33,141.7,0.66,0.938,49.98,16.8868,136.24,4.5,10.7,105.8,3.4,17.3,0.0,0.0,0.0
2026-03-24T20:43:00Z,227.47,137.1,0.65,0.927,49.99,16.8891,136.26,4.6,9.2,101.9,3.5,17.9,0.0,0.0,0.0
2026-03-24T20:44:00Z,229.06,151.7,0.71,0.937,50.04,16.8916,136.29,4.0,9.9,115.3,2.7,19.8,0.0,0.0,0.0
2026-03-24T20:45:00Z,227.32,150.6,0.71,0.937,50.03,16.8942,136.31,4.0,12.2,111.6,3.2,19.6,0.0,0.0,0.0
2026-03-24T20:46:00Z,227.71,162.2,0.75,0.945,50.02,16.8969,136.34,4.9,12.5,122.4,2.6,19.8,0.0,0.0,0.0
2026-03-24T20:47:00Z,228.6,148.9,0.69,0.941,50.0,16.8993,136.37,4.3,9.5,114.4,3.4,17.3,0.0,0.0,0.0
2026-03-24T20:48:00Z,227.15,145.2,0.69,0.929,49.97,16.9018,136.39,4.7,13.8,105.4,3.0,18.3,0.0,0.0,0.0
2026-03-24T20:49:00Z,227.91,152.3,0.72,0.931,49.98,16.9043,136.41,4.8,11.5,116.7,2.9,16.4,0.0,0.0,0.0
2026-03-24T20:50:00Z,227.84,153.8,0.72,0.936,50.03,16.9069,136.44,5.0,10.3,116.5,3.1,18.9,0.0,0.0,0.0
2026-03-24T20:51:00Z,227.3,143.6,0.67,0.939,50.0,16.9093,136.46,4.1,12.2,107.5,3.0,16.8,0.0,0.0,0.0
2026-03-24T20:52:00Z,227.9,143.6,0.67,0.938,50.01,16.9117,136.49,4.6,12.9,105.5,2.5,18.1,0.0,0.0,0.0
2026-03-24T20:53:00Z,228.14,136.7,0.64,0.935,49.97,16.9139,136.51,4.0,11.6,100.5,3.3,17.3,0.0,0.0,0.0
2026-03-24T20:54:00Z,227.8,150.5,0.71,0.929,50.02,16.9164,136.54,4.0,12.9,114.5,2.5,16.6,0.0,0.0,0.0
2026-03-24T20:55:00Z,227.74,142.1,0.67,0.936,49.99,16.9188,136.56,4.1,12.9,105.5,2.6,17.0,0.0,0.0,0.0
2026-03-24T20:56:00Z,228.18,138.3,0.65,0.933,50.04,16.9211,136.58,4.0,10.6,104.1,3.0,16.6,0.0,0.0,0.0
2026-03-24T20:57:00Z,227.27,137.0,0.64,0.947,49.98,16.9234,136.61,4.1,9.2,101.3,2.6,19.8,0.0,0.0,0.0
2026-03-24T20:58:00Z,229.22,147.5,0.69,0.936,49.97,16.9259,136.63,4.6,11.3,110.5,2.6,18.5,0.0,0.0,0.0
2026-03-24T20:59:00Z,227.92,136.5,0.64,0.941,50.02,16.9281,136.65,4.3,13.3,97.8,2.9,18.2,0.0,0.0,0.0
2026-03-24T21:00:00Z,228.89,325.2,1.52,0.937,50.02,16.9336,136.71,4.2,145.7,97.8,2.9,16.6,58.0,0.0,0.0
2026-03-24T21:01:00Z,228.74,345.5,1.61,0.937,49.98,16.9393,136.76,4.7,140.9,114.9,3.3,18.3,63.4,0.0,0.0
2026-03-24T21:02:00Z,228.19,350.1,1.64,0.933,49.97,16.9451,136.82,4.0,154.1,111.6,3.4,18.6,58.4,0.0,0.0
2026-03-24T21:03:00Z,229.24,327.7,1.53,0.934,49.96,16.9506,136.88,4.7,136.4,100.0,2.6,18.1,65.9,0.0,0.0
2026-03-24T21:04:00Z,228.03,363.4,1.68,0.948,50.0,16.9567,136.94,4.7,149.3,121.0,3.3,18.3,66.8,0.0,0.0
2026-03-24T21:05:00Z,228.51,349.9,1.62,0.943,49.98,16.9625,137.0,4.5,145.4,116.5,2.8,16.5,64.2,0.0,0.0
2026-03-24T21:06:00Z,228.47,356.0,1.66,0.936,49.96,16.9684,137.06,4.5,147.2,121.4,3.1,19.8,60.0,0.0,0.0
2026-03-24T21:07:00Z,228.57,338.2,1.56,0.95,50.0,16.9741,137.11,4.4,140.2,117.0,3.3,17.8,55.5,0.0,0.0
2026-03-24T21:08:00Z,228.32,326.7,1.53,0.937,49.96,16.9795,137.17,4.6,143.7,101.0,3.3,19.0,55.1,0.0,0.0
2026-03-24T21:09:00Z,228.16,355.2,1.64,0.949,50.03,16.9854,137.23,4.8,144.7,118.1,2.6,19.2,65.8,0.0,0.0
2026-03-24T21:10:00Z,227.53,337.4,1.56,0.95,50.01,16.9911,137.28,5.0,140.3,111.9,3.3,18.4,58.5,0.0,0.0
2026-03-24T21:11:00Z,227.88,341.3,1.58,0.948,50.03,16.9967,137.34,5.0,139.1,114.5,3.3,18.5,60.9,0.0,0.0
2026-03-24T21:12:00Z,229.17,344.2,1.58,0.95,49.98,17.0025,137.4,4.5,150.4,104.7,2.6,17.9,64.1,0.0,0.0
2026-03-24T21:13:00Z,227.85,355.8,1.64,0.951,50.0,17.0084,137.46,4.4,143.7,118.9,3.4,19.0,66.4,0.0,0.0
2026-03-24T21:14:00Z,229.17,338.4,1.56,0.946,49.98,17.014,137.51,4.4,135.5,113.0,3.0,17.4,65.1,0.0,0.0
2026-03-24T21:15:00Z,228.69,345.7,1.61,0.94,49.97,17.0198,137.57,4.2,145.7,110.9,3.5,17.8,63.6,0.0,0.0
2026-03-24T21:16:00Z,227.88,354.3,1.65,0.944,49.97,17.0257,137.63,4.3,150.1,120.7,3.3,19.8,56.1,0.0,0.0
2026-03-24T21:17:00Z,227.51,340.2,1.59,0.943,49.96,17.0314,137.69,4.2,146.8,103.0,3.0,19.4,63.8,0.0,0.0
2026-03-24T21:18:00Z,228.4,346.5,1.62,0.939,50.05,17.0372,137.74,4.4,141.4,120.1,3.3,18.8,58.5,0.0,0.0
2026-03-24T21:19:00Z,228.73,341.7,1.59,0.942,49.95,17.0429,137.8,4.7,151.3,104.1,2.8,16.4,62.4,0.0,0.0
2026-03-24T21:20:00Z,228.6,202.4,0.95,0.934,50.02,17.0462,137.83,4.8,10.7,109.7,3.4,18.2,55.6,0.0,0.0
2026-03-24T21:21:00Z,229.05,227.1,1.04,0.951,50.0,17.05,137.87,4.3,12.1,122.4,3.4,17.9,67.0,0.0,0.0
2026-03-24T21:22:00Z,227.59,196.1,0.91,0.946,50.04,17.0533,137.9,4.2,11.3,99.2,3.0,16.9,61.5,0.0,0.0
2026-03-24T21:23:00Z,229.17,215.0,0.98,0.953,50.0,17.0569,137.94,4.7,13.3,114.7,3.3,16.7,62.3,0.0,0.0
2026-03-24T21:24:00Z,228.38,214.9,1.0,0.943,50.02,17.0604,137.98,4.7,11.1,118.8,2.7,18.8,58.8,0.0,0.0
2026-03-24T21:25:00Z,227.76,193.2,0.89,0.948,50.05,17.0637,138.01,4.8,10.2,99.5,3.0,18.4,57.3,0.0,0.0
2026-03-24T21:26:00Z,229.07,219.4,1.01,0.949,50.0,17.0673,138.05,4.3,13.1,119.2,3.0,18.5,61.3,0.0,0.0
2026-03-24T21:27:00Z,228.3,215.0,0.99,0.953,49.98,17.0709,138.08,4.5,9.1,117.4,2.7,19.7,61.6,0.0,0.0
2026-03-24T21:28:00Z,229.23,223.5,1.04,0.941,49.99,17.0746,138.12,4.1,9.1,122.2,2.8,17.5,67.8,0.0,0.0
2026-03-24T21:29:00Z,228.75,210.8,0.97,0.95,49.97,17.0781,138.15,4.8,9.1,119.2,3.1,16.6,58.0,0.0,0.0
2026-03-24T21:30:00Z,227.59,224.9,1.05,0.945,49.97,17.0819,138.19,4.0,11.9,122.1,3.3,16.2,67.4,0.0,0.0
2026-03-24T21:31:00Z,228.14,201.1,0.93,0.947,50.02,17.0852,138.22,5.0,9.4,106.8,3.2,17.6,59.1,0.0,0.0
2026-03-24T21:32:00Z,228.09,213.9,1.0,0.94,50.03,17.0888,138.26,4.6,9.9,119.7,2.6,19.3,57.8,0.0,0.0
2026-03-24T21:33:00Z,228.74,194.6,0.91,0.937,50.02,17.0921,138.29,4.9,13.4,96.4,3.5,17.1,59.3,0.0,0.0
2026-03-24T21:34:00Z,228.01,205.5,0.95,0.946,50.02,17.0955,138.33,4.2,12.4,108.6,3.4,19.1,57.8,0.0,0.0
2026-03-24T21:35:00Z,229.46,197.9,0.92,0.942,50.01,17.0988,138.36,4.3,9.6,96.5,3.2,17.2,67.1,0.0,0.0
2026-03-24T21:36:00Z,227.59,196.7,0.9,0.955,50.01,17.1021,138.39,4.2,13.0,98.3,3.4,18.1,59.7,0.0,0.0
2026-03-24T21:37:00Z,229.1,193.3,0.9,0.94,50.03,17.1053,138.42,4.4,10.8,103.3,3.4,16.2,55.2,0.0,0.0
2026-03-24T21:38:00Z,228.32,197.3,0.92,0.944,49.97,17.1086,138.46,4.4,11.9,95.7,2.6,17.3,65.4,0.0,0.0
2026-03-24T21:39:00Z,229.1,221.7,1.03,0.942,50.01,17.1123,138.49,4.7,11.5,119.1,2.9,19.2,64.3,0.0,0.0
2026-03-24T21:40:00Z,227.62,219.1,1.01,0.952,49.98,17.1159,138.53,4.3,9.7,123.3,3.1,19.3,59.4,0.0,0.0
2026-03-24T21:41:00Z,229.21,207.8,0.96,0.947,50.04,17.1194,138.57,4.4,12.4,113.3,3.3,17.8,56.6,0.0,0.0
2026-03-24T21:42:00Z,228.92,198.8,0.91,0.957,49.96,17.1227,138.6,4.0,12.1,106.2,3.0,16.3,57.2,0.0,0.0
2026-03-24T21:43:00Z,228.19,215.0,1.0,0.938,49.98,17.1263,138.63,4.8,12.0,111.3,3.3,18.5,65.1,0.0,0.0
2026-03-24T21:44:00Z,227.67,219.5,1.03,0.94,50.02,17.1299,138.67,4.0,12.6,123.5,3.3,18.0,58.1,0.0,0.0
2026-03-24T21:45:00Z,229.13,351.8,1.62,0.945,50.03,17.1358,138.73,4.2,145.6,121.6,3.3,18.6,58.5,0.0,0.0
2026-03-24T21:46:00Z,228.95,329.3,1.51,0.951,50.01,17.1413,138.78,4.7,143.0,97.5,3.4,16.3,64.4,0.0,0.0
2026-03-24T21:47:00Z,228.21,344.7,1.59,0.95,49.99,17.147,138.84,4.8,150.1,107.9,3.1,17.6,61.2,0.0,0.0
2026-03-24T21:48:00Z,229.18,351.3,1.61,0.95,50.01,17.1529,138.9,4.3,146.1,113.7,3.1,16.5,67.6,0.0,0.0
2026-03-24T21:49:00Z,227.65,327.7,1.5,0.958,50.01,17.1583,138.96,4.4,146.5,96.6,3.1,18.7,58.4,0.0,0.0
2026-03-24T21:50:00Z,229.18,331.6,1.52,0.954,49.96,17.1639,139.01,4.8,136.8,106.3,3.2,18.4,62.1,0.0,0.0
2026-03-24T21:51:00Z,228.8,338.9,1.57,0.946,50.03,17.1695,139.07,4.3,144.6,111.1,3.5,16.1,59.3,0.0,0.0
2026-03-24T21:52:00Z,229.56,321.7,1.47,0.951,50.04,17.1749,139.12,4.7,137.0,101.8,3.1,16.7,58.4,0.0,0.0
2026-03-24T21:53:00Z,227.71,354.4,1.62,0.958,49.99,17.1808,139.18,4.1,150.6,123.1,2.6,18.3,55.7,0.0,0.0
2026-03-24T21:54:00Z,227.86,349.2,1.6,0.959,50.03,17.1866,139.24,4.8,145.2,117.4,2.5,17.3,62.0,0.0,0.0
2026-03-24T21:55:00Z,228.89,340.3,1.56,0.955,49.97,17.1923,139.29,4.3,141.4,115.1,2.7,17.9,58.9,0.0,0.0
2026-03-24T21:56:00Z,229.14,342.2,1.57,0.952,49.99,17.198,139.35,4.9,144.2,113.7,3.0,18.3,58.1,0.0,0.0
2026-03-24T21:57:00Z,228.45,347.1,1.59,0.955,50.03,17.2038,139.41,4.1,142.6,118.3,2.8,16.9,62.4,0.0,0.0
2026-03-24T21:58:00Z,229.48,333.0,1.54,0.944,50.02,17.2093,139.46,4.3,136.4,107.3,2.8,18.2,64.0,0.0,0.0
2026-03-24T21:59:00Z,228.24,327.2,1.52,0.945,50.0,17.2148,139.52,4.3,143.5,100.3,3.4,18.6,57.1,0.0,0.0
2026-03-24T22:00:00Z,229.24,1499.8,6.87,0.952,49.95,17.2398,139.77,1163.9,145.9,113.7,3.5,17.2,55.6,0.0,0.0
2026-03-24T22:01:00Z,229.21,1301.0,5.97,0.95,50.04,17.2614,139.94,979.2,142.6,97.6,3.3,19.1,59.2,0.0,0.0
2026-03-24T22:02:00Z,229.16,1492.1,6.83,0.954,49.98,17.2863,140.14,1169.4,136.1,100.0,3.1,19.9,63.6,0.0,0.0
2026-03-24T22:03:00Z,228.79,1361.6,6.32,0.942,50.04,17.309,140.32,1021.6,149.8,114.2,3.2,16.0,56.8,0.0,0.0
2026-03-24T22:04:00Z,229.73,1468.2,6.76,0.946,50.02,17.3335,140.52,1126.5,145.1,115.5,3.3,19.7,58.1,0.0,0.0
2026-03-24T22:05:00Z,228.88,1407.0,6.48,0.948,49.99,17.3569,140.71,1198.9,9.3,114.6,3.3,17.9,63.0,0.0,0.0
2026-03-24T22:06:00Z,228.3,1331.0,6.15,0.948,49.95,17.3791,140.88,1125.6,9.3,113.7,2.8,19.3,60.3,0.0,0.0
2026-03-24T22:07:00Z,229.74,1233.4,5.65,0.951,49.96,17.3997,141.05,1031.7,12.9,98.7,3.2,19.9,67.0,0.0,0.0
2026-03-24T22:08:00Z,229.3,1393.3,6.42,0.946,49.96,17.4229,141.23,1179.5,13.1,117.6,3.3,19.5,60.3,0.0,0.0
2026-03-24T22:09:00Z,229.65,1337.2,6.08,0.957,49.98,17.4452,141.41,1126.4,13.1,111.0,2.7,16.6,67.4,0.0,0.0
2026-03-24T22:10:00Z,228.09,1233.0,5.71,0.947,50.04,17.4657,141.58,1022.9,13.0,109.2,2.5,20.0,65.4,0.0,0.0
2026-03-24T22:11:00Z,227.9,1253.0,5.79,0.949,50.05,17.4866,141.74,1049.9,9.3,111.5,3.2,16.1,63.0,0.0,0.0
2026-03-24T22:12:00Z,228.94,1366.1,6.26,0.953,49.97,17.5094,141.93,1150.1,13.3,117.5,2.9,19.1,63.2,0.0,0.0
2026-03-24T22:13:00Z,229.83,1241.6,5.72,0.945,49.98,17.5301,142.09,1040.0,13.1,110.2,2.7,16.4,59.2,0.0,0.0
2026-03-24T22:14:00Z,229.2,1377.5,6.28,0.957,50.0,17.553,142.28,1177.9,11.6,100.7,3.2,18.1,66.0,0.0,0.0
2026-03-24T22:15:00Z,229.73,1406.6,6.47,0.946,50.05,17.5765,142.46,1182.2,13.9,122.6,3.0,19.1,65.8,0.0,0.0
2026-03-24T22:16:00Z,228.66,1379.8,6.31,0.957,50.02,17.5995,142.65,1166.7,12.1,111.4,3.3,19.6,66.7,0.0,0.0
2026-03-24T22:17:00Z,228.2,1227.4,5.66,0.951,49.95,17.6199,142.81,1014.7,10.4,115.1,2.8,16.9,67.5,0.0,0.0
2026-03-24T22:18:00Z,228.67,1154.4,5.26,0.959,50.05,17.6392,142.96,953.9,10.7,109.2,2.8,17.8,60.0,0.0,0.0
2026-03-24T22:19:00Z,229.21,1198.9,5.5,0.951,50.0,17.6592,143.12,991.1,12.7,111.1,2.9,16.0,65.1,0.0,0.0
2026-03-24T22:20:00Z,229.59,1236.2,5.63,0.956,50.04,17.6798,143.29,1019.4,11.7,119.5,2.9,18.4,64.3,0.0,0.0
2026-03-24T22:21:00Z,228.24,1259.7,5.76,0.958,49.99,17.7007,143.46,1056.0,13.1,110.6,2.8,16.8,60.4,0.0,0.0
2026-03-24T22:22:00Z,228.72,1188.5,5.4,0.962,49.96,17.7206,143.62,988.4,12.8,107.2,3.4,17.2,59.5,0.0,0.0
2026-03-24T22:23:00Z,228.3,1282.1,5.86,0.959,50.01,17.7419,143.79,1077.0,13.0,113.3,3.4,18.8,56.6,0.0,0.0
2026-03-24T22:24:00Z,228.26,1324.3,6.03,0.962,49.98,17.764,143.96,1126.4,9.1,105.0,3.2,16.4,64.2,0.0,0.0
2026-03-24T22:25:00Z,229.31,1223.9,5.57,0.958,50.02,17.7844,144.13,1020.8,9.8,106.9,2.6,17.2,66.6,0.0,0.0
2026-03-24T22:26:00Z,229.76,1201.4,5.5,0.951,49.95,17.8044,144.29,996.5,10.7,110.7,3.2,18.7,61.6,0.0,0.0
2026-03-24T22:27:00Z,229.5,1278.5,5.82,0.957,49.99,17.8257,144.46,1072.5,11.1,108.5,2.9,19.9,63.6,0.0,0.0
2026-03-24T22:28:00Z,229.73,1196.9,5.47,0.953,49.98,17.8457,144.62,992.3,11.6,104.1,3.2,18.9,66.8,0.0,0.0
2026-03-24T22:29:00Z,229.12,1315.0,5.98,0.96,49.99,17.8676,144.79,1095.0,13.2,124.3,3.4,16.1,63.0,0.0,0.0
2026-03-24T22:30:00Z,228.14,1326.0,6.15,0.945,50.04,17.8897,144.97,972.7,151.8,119.7,3.4,16.2,62.2,0.0,0.0
2026-03-24T22:31:00Z,229.33,1291.6,5.85,0.962,49.99,17.9112,145.14,1069.5,138.8,1.5,3.3,19.1,59.4,0.0,0.0
2026-03-24T22:32:00Z,229.27,1396.0,6.34,0.96,50.03,17.9345,145.33,1172.1,141.1,1.5,3.2,17.9,60.2,0.0,0.0
2026-03-24T22:33:00Z,229.88,1418.8,6.43,0.96,50.0,17.9581,145.52,1187.7,152.9,1.4,3.5,17.0,56.3,0.0,0.0
2026-03-24T22:34:00Z,229.6,1336.5,6.07,0.959,49.99,17.9804,145.69,1111.5,138.6,1.3,3.1,19.8,62.2,0.0,0.0
2026-03-24T22:35:00Z,229.43,1300.2,5.88,0.964,50.03,18.0021,145.87,1070.1,140.1,1.6,2.9,18.8,66.7,0.0,0.0
2026-03-24T22:36:00Z,229.11,1384.7,6.38,0.948,49.99,18.0252,146.05,1155.4,143.8,1.4,2.9,16.7,64.5,0.0,0.0
2026-03-24T22:37:00Z,228.32,1310.6,6.07,0.946,50.03,18.047,146.23,1090.4,135.8,1.7,2.9,17.3,62.5,0.0,0.0
2026-03-24T22:38:00Z,228.38,1234.7,5.67,0.954,49.95,18.0676,146.39,999.1,154.9,1.7,3.4,18.3,57.3,0.0,0.0
2026-03-24T22:39:00Z,228.49,1202.8,5.49,0.958,49.98,18.0876,146.55,980.0,143.4,1.5,3.0,18.1,56.8,0.0,0.0
2026-03-24T22:40:00Z,229.68,1200.7,5.51,0.948,49.99,18.1076,146.71,979.2,136.2,1.7,3.1,18.2,62.3,0.0,0.0
2026-03-24T22:41:00Z,229.76,1429.4,6.53,0.952,49.98,18.1315,146.9,1197.6,149.3,1.6,3.2,19.3,58.4,0.0,0.0
2026-03-24T22:42:00Z,228.48,1411.0,6.47,0.954,50.03,18.155,147.09,1178.5,150.2,1.4,3.3,19.9,57.7,0.0,0.0
2026-03-24T22:43:00Z,228.49,1201.4,5.47,0.962,50.04,18.175,147.25,979.5,139.0,1.6,2.7,19.0,59.6,0.0,0.0
2026-03-24T22:44:00Z,229.91,1212.3,5.53,0.953,50.03,18.1952,147.41,978.9,148.2,1.7,3.0,18.8,61.7,0.0,0.0
2026-03-24T22:45:00Z,228.83,1351.3,6.16,0.958,49.99,18.2177,147.59,1132.2,139.4,1.7,3.1,18.0,56.9,0.0,0.0
2026-03-24T22:46:00Z,229.53,1426.0,6.48,0.959,50.03,18.2415,147.78,1195.9,146.6,1.3,2.8,20.0,59.4,0.0,0.0
2026-03-24T22:47:00Z,230.04,1281.4,5.8,0.961,50.0,18.2628,147.95,1044.6,153.6,1.5,2.9,17.5,61.3,0.0,0.0
2026-03-24T22:48:00Z,228.37,1282.9,5.91,0.951,49.98,18.2842,148.13,1053.5,143.3,1.5,2.8,18.5,63.3,0.0,0.0
2026-03-24T22:49:00Z,228.58,1231.6,5.67,0.95,50.03,18.3048,148.29,1002.6,149.4,1.5,2.5,19.8,55.8,0.0,0.0
2026-03-24T22:50:00Z,229.34,1274.1,5.79,0.959,49.97,18.326,148.46,1176.9,9.0,1.4,3.5,18.2,65.1,0.0,0.0
2026-03-24T22:51:00Z,229.71,1147.0,5.27,0.948,50.02,18.3451,148.61,1055.8,10.9,1.3,2.6,19.1,57.3,0.0,0.0
2026-03-24T22:52:00Z,228.83,1144.6,5.27,0.95,49.98,18.3642,148.76,1046.7,11.4,1.4,3.1,19.1,62.9,0.0,0.0
2026-03-24T22:53:00Z,228.88,1287.4,5.93,0.949,50.0,18.3856,148.94,1192.7,9.5,1.7,2.8,16.7,64.0,0.0,0.0
2026-03-24T22:54:00Z,228.8,1202.9,5.49,0.957,50.04,18.4057,149.1,1108.1,11.0,1.6,3.1,17.4,61.7,0.0,0.0
2026-03-24T22:55:00Z,229.74,1090.9,5.01,0.948,49.99,18.4239,149.24,993.9,12.8,1.4,2.7,18.5,61.6,0.0,0.0
2026-03-24T22:56:00Z,230.1,1116.8,5.05,0.961,49.98,18.4425,149.39,1027.4,11.8,1.5,2.6,17.4,56.1,0.0,0.0
2026-03-24T22:57:00Z,229.33,1065.2,4.86,0.956,50.04,18.4602,149.53,967.3,13.5,1.6,2.7,18.3,61.8,0.0,0.0
2026-03-24T22:58:00Z,229.9,1139.9,5.21,0.952,49.99,18.4792,149.69,1049.1,12.6,1.5,2.5,16.5,57.7,0.0,0.0
2026-03-24T22:59:00Z,230.28,1182.6,5.36,0.958,50.03,18.4989,149.84,1092.8,13.5,1.7,2.6,16.1,55.9,0.0,0.0
2026-03-24T23:00:00Z,230.16,1139.2,5.22,0.948,49.97,18.5179,149.99,1040.5,13.2,1.8,3.5,16.2,64.0,0.0,0.0
2026-03-24T23:01:00Z,228.48,1250.3,5.75,0.951,49.96,18.5388,150.16,1162.9,10.6,1.5,2.6,16.4,56.3,0.0,0.0
2026-03-24T23:02:00Z,229.52,1140.8,5.24,0.949,50.03,18.5578,150.31,1042.7,11.7,1.4,2.9,18.3,63.8,0.0,0.0
2026-03-24T23:03:00Z,229.63,1095.1,4.95,0.964,50.04,18.576,150.46,1004.8,9.1,1.3,3.4,19.4,57.1,0.0,0.0
2026-03-24T23:04:00Z,229.73,1152.8,5.23,0.959,49.97,18.5953,150.61,1059.9,12.4,1.4,3.0,18.9,57.2,0.0,0.0
2026-03-24T23:05:00Z,229.46,1261.7,5.78,0.951,49.97,18.6163,150.78,1163.7,13.0,1.3,2.6,18.4,62.7,0.0,0.0
2026-03-24T23:06:00Z,228.74,1077.4,4.9,0.962,50.04,18.6342,150.93,980.0,11.7,1.3,3.3,17.8,63.3,0.0,0.0
2026-03-24T23:07:00Z,228.96,1154.5,5.24,0.962,50.02,18.6535,151.08,1061.0,9.1,1.3,3.3,16.7,63.1,0.0,0.0
2026-03-24T23:08:00Z,230.06,1091.2,4.98,0.952,50.02,18.6717,151.22,992.9,11.1,1.6,3.0,17.3,65.3,0.0,0.0
2026-03-24T23:09:00Z,229.15,1261.0,5.7,0.966,50.0,18.6927,151.39,1164.5,13.2,1.8,3.5,16.7,61.3,0.0,0.0
2026-03-24T23:10:00Z,228.63,1191.2,5.49,0.949,50.0,18.7125,151.55,1104.5,10.2,1.3,2.8,16.2,56.2,0.0,0.0
2026-03-24T23:11:00Z,230.41,1114.2,5.02,0.964,50.03,18.7311,151.7,1026.6,11.4,1.5,3.4,16.1,55.2,0.0,0.0
2026-03-24T23:12:00Z,229.87,1236.9,5.62,0.958,50.01,18.7517,151.87,1139.2,12.8,1.5,3.3,18.7,61.4,0.0,0.0
2026-03-24T23:13:00Z,230.4,1212.3,5.44,0.967,50.01,18.7719,152.03,1119.3,13.6,1.4,3.1,18.2,56.7,0.0,0.0
2026-03-24T23:14:00Z,229.26,1248.0,5.62,0.968,49.99,18.7927,152.19,1152.7,9.2,1.3,2.8,19.8,62.2,0.0,0.0
2026-03-24T23:15:00Z,228.55,1361.4,6.24,0.955,50.05,18.8154,152.37,1131.7,152.2,1.7,2.6,17.1,56.1,0.0,0.0
2026-03-24T23:16:00Z,230.51,1329.7,6.07,0.951,50.02,18.8376,152.55,1091.8,151.3,1.2,2.7,19.1,63.6,0.0,0.0
2026-03-24T23:17:00Z,229.66,1366.8,6.27,0.949,50.04,18.8604,152.73,1128.2,153.8,1.3,3.0,17.2,63.3,0.0,0.0
2026-03-24T23:18:00Z,229.02,1241.0,5.64,0.961,50.0,18.881,152.9,1010.2,147.3,1.4,2.9,17.5,61.7,0.0,0.0
2026-03-24T23:19:00Z,230.43,1387.7,6.29,0.957,49.97,18.9042,153.08,1154.9,145.7,1.6,2.7,17.5,65.3,0.0,0.0
2026-03-24T23:20:00Z,229.85,1198.8,5.44,0.959,49.98,18.9241,153.24,972.0,150.6,1.5,3.4,16.3,55.0,0.0,0.0
2026-03-24T23:21:00Z,229.26,1226.0,5.59,0.957,50.01,18.9446,153.41,1007.2,138.5,1.4,3.0,18.5,57.4,0.0,0.0
2026-03-24T23:22:00Z,230.08,1246.2,5.63,0.962,49.99,18.9654,153.57,1025.1,137.7,1.4,2.6,18.9,60.5,0.0,0.0
2026-03-24T23:23:00Z,229.03,1271.7,5.84,0.95,50.0,18.9865,153.74,1040.3,147.0,1.5,3.0,17.5,62.4,0.0,0.0
2026-03-24T23:24:00Z,230.5,1237.1,5.58,0.962,50.02,19.0072,153.91,1007.0,147.5,1.2,2.9,19.1,59.4,0.0,0.0
2026-03-24T23:25:00Z,229.26,1283.1,5.85,0.957,50.02,19.0285,154.08,1051.2,142.0,1.5,3.1,17.9,67.4,0.0,0.0
2026-03-24T23:26:00Z,229.07,1240.5,5.61,0.966,49.99,19.0492,154.25,1000.5,152.6,1.4,3.3,18.8,63.9,0.0,0.0
2026-03-24T23:27:00Z,229.56,1382.2,6.25,0.963,50.04,19.0723,154.43,1158.5,145.0,1.5,2.5,16.4,58.3,0.0,0.0
2026-03-24T23:28:00Z,230.27,1260.8,5.7,0.96,49.97,19.0933,154.6,1035.2,148.0,1.4,2.6,18.1,55.5,0.0,0.0
2026-03-24T23:29:00Z,229.7,1274.7,5.8,0.956,50.03,19.1145,154.77,1044.9,141.7,1.3,3.0,16.5,67.3,0.0,0.0
2026-03-24T23:30:00Z,229.82,1355.1,6.19,0.952,50.0,19.1371,154.95,1117.7,154.7,1.2,2.5,19.1,59.9,0.0,0.0
2026-03-24T23:31:00Z,229.46,1200.0,5.5,0.951,49.96,19.1571,155.11,992.3,146.7,1.5,2.9,0.0,56.6,0.0,0.0
2026-03-24T23:32:00Z,230.08,1210.2,5.52,0.953,50.04,19.1773,155.27,990.7,154.7,1.7,2.6,0.0,60.5,0.0,0.0
2026-03-24T23:33:00Z,229.42,1353.8,6.21,0.95,50.04,19.1998,155.45,1141.4,153.2,1.3,2.6,0.0,55.3,0.0,0.0
2026-03-24T23:34:00Z,230.5,1187.2,5.4,0.953,50.0,19.2196,155.61,977.2,141.8,1.2,2.8,0.0,64.2,0.0,0.0
2026-03-24T23:35:00Z,229.86,1247.5,5.63,0.964,50.0,19.2404,155.77,1167.7,13.8,1.3,3.0,0.0,61.7,0.0,0.0
2026-03-24T23:36:00Z,228.75,1277.7,5.79,0.964,50.02,19.2617,155.95,1196.6,11.7,1.5,3.2,0.0,64.7,0.0,0.0
2026-03-24T23:37:00Z,229.51,1241.8,5.68,0.952,50.03,19.2824,156.11,1165.7,13.4,1.4,3.2,0.0,58.1,0.0,0.0
2026-03-24T23:38:00Z,230.63,1189.3,5.43,0.95,49.98,19.3022,156.27,1109.0,11.7,1.4,2.5,0.0,64.7,0.0,0.0
2026-03-24T23:39:00Z,229.37,1157.3,5.3,0.952,49.97,19.3215,156.42,1085.9,9.2,1.3,3.4,0.0,57.5,0.0,0.0
2026-03-24T23:40:00Z,228.88,1107.8,5.07,0.954,49.96,19.34,156.57,1025.9,13.2,1.6,3.0,0.0,64.1,0.0,0.0
2026-03-24T23:41:00Z,230.73,1061.7,4.84,0.951,49.98,19.3577,156.71,987.6,10.1,1.4,3.1,0.0,59.5,0.0,0.0
2026-03-24T23:42:00Z,230.18,1043.8,4.76,0.953,49.99,19.3751,156.85,970.0,11.6,1.2,3.0,0.0,58.0,0.0,0.0
2026-03-24T23:43:00Z,229.91,1237.6,5.56,0.969,49.99,19.3957,157.02,1161.1,9.6,1.6,2.8,0.0,62.5,0.0,0.0
2026-03-24T23:44:00Z,228.85,1195.6,5.44,0.96,49.99,19.4156,157.18,1122.7,11.0,1.3,3.4,0.0,57.2,0.0,0.0
2026-03-24T23:45:00Z,229.5,1033.5,4.7,0.958,49.99,19.4329,157.31,952.4,11.1,1.6,3.1,0.0,65.3,0.0,0.0
2026-03-24T23:46:00Z,230.11,1079.9,4.89,0.96,49.97,19.4508,157.46,999.6,12.8,1.2,2.7,0.0,63.6,0.0,0.0
2026-03-24T23:47:00Z,229.76,1275.4,5.83,0.952,49.95,19.4721,157.63,1199.8,10.7,1.6,3.5,0.0,59.8,0.0,0.0
2026-03-24T23:48:00Z,229.6,1166.0,5.25,0.967,50.03,19.4915,157.78,1091.8,10.8,1.5,2.9,0.0,59.0,0.0,0.0
2026-03-24T23:49:00Z,229.73,1191.8,5.39,0.962,50.0,19.5114,157.94,1114.6,11.2,1.7,2.8,0.0,61.5,0.0,0.0
2026-03-24T23:50:00Z,230.49,1188.8,5.37,0.961,49.98,19.5312,158.1,1104.4,12.5,1.2,3.0,0.0,67.7,0.0,0.0
2026-03-24T23:51:00Z,230.61,1115.3,5.09,0.951,50.03,19.5498,158.25,1038.7,12.4,1.3,2.7,0.0,60.2,0.0,0.0
2026-03-24T23:52:00Z,230.28,1176.4,5.34,0.957,49.97,19.5694,158.41,1102.5,12.2,1.7,2.8,0.0,57.2,0.0,0.0
2026-03-24T23:53:00Z,229.15,1087.0,4.93,0.962,49.97,19.5875,158.55,1016.1,10.4,1.4,2.5,0.0,56.6,0.0,0.0
2026-03-24T23:54:00Z,229.48,1213.6,5.46,0.968,49.97,19.6078,158.71,1139.5,12.4,1.2,3.1,0.0,57.4,0.0,0.0
2026-03-24T23:55:00Z,230.27,1075.2,4.81,0.97,49.98,19.6257,158.86,997.6,9.7,1.7,3.4,0.0,62.8,0.0,0.0
2026-03-24T23:56:00Z,229.5,1057.4,4.76,0.968,50.03,19.6433,159.0,976.2,13.0,1.3,2.7,0.0,64.2,0.0,0.0
2026-03-24T23:57:00Z,229.76,1243.2,5.64,0.959,49.98,19.664,159.16,1163.6,10.0,1.3,2.8,0.0,65.5,0.0,0.0
2026-03-24T23:58:00Z,228.99,1228.1,5.63,0.952,49.95,19.6845,159.33,1152.8,10.4,1.8,3.3,0.0,59.8,0.0,0.0
2026-03-24T23:59:00Z,230.02,1093.8,4.94,0.962,49.95,19.7027,159.47,1011.1,10.5,1.8,2.7,0.0,67.7,0.0,0.0
